strain	length	A	C	G	T	N	other_IUPAC	-	?	invalid_nucleotides
Yale-RSV-0001	15221	4044	1723	1736	2974	4649	95	0	0	0
Yale-RSV-0002	15218	4998	2244	2038	3541	2271	126	0	0	0
Yale-RSV-0003	15219	5162	2350	2093	3660	1815	139	0	0	0
Yale-RSV-0004	15221	5751	2649	2329	4126	345	21	0	0	0
Yale-RSV-0005	15215	5428	2523	2174	3910	1169	11	0	0	0
Yale-RSV-0006	15214	5086	2352	2044	3579	1968	185	0	0	0
Yale-RSV-0007	15212	4728	2135	1949	3344	2843	213	0	0	0
Yale-RSV-0008	15218	4312	1924	1769	3078	4021	114	0	0	0
Yale-RSV-0009	15218	5534	2554	2232	3925	963	10	0	0	0
Yale-RSV-0010	15225	2366	1012	999	1812	9034	2	0	0	0
Yale-RSV-0011	15217	5460	2552	2221	3878	1098	8	0	0	0
Yale-RSV-0012	15219	5571	2567	2271	4002	798	10	0	0	0
Yale-RSV-0013	15232	5779	2663	2323	4122	335	10	0	0	0
Yale-RSV-0014	15218	5744	2640	2312	4089	426	7	0	0	0
Yale-RSV-0015	15215	5572	2563	2244	3956	870	10	0	0	0
Yale-RSV-0016	15235	5505	2530	2241	3959	985	15	0	0	0
Yale-RSV-0017	15214	5500	2544	2234	3925	1003	8	0	0	0
Yale-RSV-0018	15217	5669	2616	2298	4035	589	10	0	0	0
Yale-RSV-0019	15224	401	194	115	242	14272	0	0	0	0
Yale-RSV-0021	15223	1151	483	479	917	12192	1	0	0	0
Yale-RSV-0022	15217	5714	2642	2316	4089	445	11	0	0	0
Yale-RSV-0023	15217	5710	2630	2317	4104	446	10	0	0	0
Yale-RSV-0024	15217	5325	2455	2172	3807	1445	13	0	0	0
Yale-RSV-0025	15218	5620	2595	2257	4004	734	8	0	0	0
Yale-RSV-0026	15230	5447	2434	2196	3867	718	568	0	0	0
Yale-RSV-0027	15218	5638	2586	2274	4029	684	7	0	0	0
Yale-RSV-0028	15224	5739	2655	2312	4096	412	10	0	0	0
Yale-RSV-0029	15219	5522	2553	2235	3945	955	9	0	0	0
Yale-RSV-0031	15215	5774	2664	2355	4142	272	8	0	0	0
Yale-RSV-0033	15221	4951	2269	2032	3567	2391	11	0	0	0
Yale-RSV-0034	15218	5654	2590	2262	4033	674	5	0	0	0
Yale-RSV-0035	15219	4885	2226	2020	3603	2477	8	0	0	0
Yale-RSV-0036	15230	5353	2511	2152	3767	1433	14	0	0	0
Yale-RSV-0038	15225	5754	2656	2324	4116	361	14	0	0	0
Yale-RSV-0039	15218	5380	2502	2178	3812	1338	8	0	0	0
Yale-RSV-0040	15225	5286	2457	2134	3781	1554	13	0	0	0
Yale-RSV-0041	15218	5513	2556	2238	3922	978	11	0	0	0
Yale-RSV-0042	15230	5423	2516	2217	3909	1155	10	0	0	0
Yale-RSV-0044	15225	5581	2554	2277	4039	763	11	0	0	0
Yale-RSV-0045	15237	5455	2510	2231	3937	1093	11	0	0	0
Yale-RSV-0047	15220	5334	2445	2168	3831	1411	31	0	0	0
Yale-RSV-0048	15225	5678	2630	2288	4026	593	10	0	0	0
Yale-RSV-0049	15216	5283	2445	2155	3783	1542	8	0	0	0
Yale-RSV-0050	15224	2317	1068	956	1685	9194	4	0	0	0
Yale-RSV-0051	15228	5532	2575	2225	3919	966	11	0	0	0
Yale-RSV-0052	15223	5187	2358	2123	3735	1815	5	0	0	0
Yale-RSV-0054	15219	5054	2306	2086	3638	2127	8	0	0	0
Yale-RSV-0056	15218	5772	2660	2343	4153	280	10	0	0	0
Yale-RSV-0057	15213	5705	2619	2317	4091	472	9	0	0	0
Yale-RSV-0058	15234	5547	2550	2269	3989	868	11	0	0	0
Yale-RSV-0059	15216	5766	2663	2335	4106	336	10	0	0	0
Yale-RSV-0060	15226	5546	2578	2232	3942	911	17	0	0	0
Yale-RSV-0063	15218	5079	2319	2083	3631	2085	21	0	0	0
Yale-RSV-0064	15216	5741	2642	2325	4114	387	7	0	0	0
Yale-RSV-0065	15217	5562	2570	2239	3951	886	9	0	0	0
Yale-RSV-0066	15237	5256	2445	2136	3746	1641	13	0	0	0
Yale-RSV-0067	15226	5494	2525	2247	3967	984	9	0	0	0
Yale-RSV-0068	15216	5772	2677	2338	4104	317	8	0	0	0
Yale-RSV-0070	15216	5705	2626	2305	4089	481	10	0	0	0
Yale-RSV-0071	15221	5302	2449	2144	3828	1479	19	0	0	0
Yale-RSV-0072	15225	2813	1219	1222	2169	7769	33	0	0	0
Yale-RSV-0073	15233	5230	2435	2127	3738	1694	9	0	0	0
Yale-RSV-0074	15215	5679	2609	2290	4069	559	9	0	0	0
Yale-RSV-0079	15227	4669	2152	1919	3409	3069	9	0	0	0
Yale-RSV-0080	15224	5648	2611	2276	4021	655	13	0	0	0
Yale-RSV-0081	15219	5410	2512	2183	3855	1249	10	0	0	0
Yale-RSV-0082	15219	5369	2486	2187	3834	1335	8	0	0	0
Yale-RSV-0083	15219	4772	2184	1959	3487	2810	7	0	0	0
Yale-RSV-0084	15225	5686	2629	2282	4049	568	11	0	0	0
Yale-RSV-0086	15211	5801	2665	2354	4171	209	11	0	0	0
Yale-RSV-0087	15218	5817	2679	2360	4165	189	8	0	0	0
Yale-RSV-0089	15215	5601	2581	2262	4005	758	8	0	0	0
Yale-RSV-0090	15230	5481	2545	2203	3896	1094	11	0	0	0
Yale-RSV-0091	15216	5765	2663	2337	4109	332	10	0	0	0
Yale-RSV-0092	15212	4905	2282	1985	3495	2534	11	0	0	0
Yale-RSV-0093	15223	4511	2068	1840	3240	3556	8	0	0	0
Yale-RSV-0094	15224	5592	2540	2283	4057	742	10	0	0	0
Yale-RSV-0095	15220	5640	2581	2296	4070	621	12	0	0	0
Yale-RSV-0096	15210	5614	2593	2288	4027	679	9	0	0	0
Yale-RSV-0098	15222	4381	1945	1865	3206	3822	3	0	0	0
Yale-RSV-0099	15219	5733	2636	2312	4100	427	11	0	0	0
Yale-RSV-0100	15229	5176	2415	2091	3657	1878	12	0	0	0
Yale-RSV-0101	15223	5833	2687	2365	4169	157	12	0	0	0
Yale-RSV-0102	15222	2045	911	874	1441	9947	4	0	0	0
Yale-RSV-0103	15223	3032	1415	1308	2186	7265	17	0	0	0
Yale-RSV-0104	15223	755	380	293	516	13278	1	0	0	0
Yale-RSV-0105	15224	698	322	316	614	13274	0	0	0	0
Yale-RSV-0106	15224	2882	1287	1171	2060	7822	2	0	0	0
Yale-RSV-0107	15233	4787	2218	1967	3466	2782	13	0	0	0
Yale-RSV-0108	15218	5783	2653	2345	4145	282	10	0	0	0
Yale-RSV-0109	15218	5781	2649	2321	4135	324	8	0	0	0
Yale-RSV-0110	15218	5815	2665	2346	4175	208	9	0	0	0
Yale-RSV-0112	15218	5605	2585	2261	4005	756	6	0	0	0
Yale-RSV-0114	15218	5389	2508	2179	3826	1307	9	0	0	0
Yale-RSV-0115	15218	5523	2569	2216	3904	1001	5	0	0	0
Yale-RSV-0116	15229	5810	2675	2347	4148	235	14	0	0	0
Yale-RSV-0117	15219	5343	2479	2176	3817	1389	15	0	0	0
Yale-RSV-0119	15223	3657	1615	1534	2720	5690	7	0	0	0
Yale-RSV-0120	15221	4480	2014	1880	3227	3615	5	0	0	0
Yale-RSV-0122	15212	5587	2577	2253	3989	794	12	0	0	0
Yale-RSV-0123	15218	5697	2619	2296	4080	512	14	0	0	0
Yale-RSV-0124	15219	4511	2049	1857	3269	3517	16	0	0	0
Yale-RSV-0125	15218	5068	2310	2086	3625	2118	11	0	0	0
Yale-RSV-0126	15226	5834	2687	2361	4159	111	74	0	0	0
Yale-RSV-0127	15225	4973	2284	2025	3599	2336	8	0	0	0
Yale-RSV-0128	15222	5171	2350	2122	3755	1814	10	0	0	0
Yale-RSV-0129	15213	5512	2553	2222	3929	985	12	0	0	0
Yale-RSV-0130	15219	5530	2559	2233	3927	960	10	0	0	0
Yale-RSV-0134	15228	1007	419	390	775	12632	5	0	0	0
Yale-RSV-0135	15215	2968	1294	1219	2141	7589	4	0	0	0
Yale-RSV-0137	15224	4903	2273	2012	3548	2479	9	0	0	0
Yale-RSV-0138	15217	5729	2626	2330	4106	413	13	0	0	0
Yale-RSV-0139	15215	5535	2562	2226	3921	960	11	0	0	0
Yale-RSV-0141	15210	5678	2617	2305	4073	524	13	0	0	0
Yale-RSV-0144	15224	1064	492	456	824	12380	8	0	0	0
Yale-RSV-0145	15215	4734	2167	1980	3441	2887	6	0	0	0
Yale-RSV-0146	15218	5799	2683	2365	4155	206	10	0	0	0
Yale-RSV-0149	15246	5422	2512	2196	3893	1209	14	0	0	0
Yale-RSV-0150	15218	5161	2339	2119	3709	1882	8	0	0	0
Yale-RSV-0151	15225	770	310	346	623	13176	0	0	0	0
Yale-RSV-0152	15218	5767	2655	2325	4126	336	9	0	0	0
Yale-RSV-0153	15217	5650	2578	2304	4090	581	14	0	0	0
Yale-RSV-0154	15231	5665	2620	2278	4036	620	12	0	0	0
Yale-RSV-0155	15242	5702	2629	2285	4051	562	13	0	0	0
Yale-RSV-0156	15218	5734	2649	2321	4107	401	6	0	0	0
Yale-RSV-0157	15218	5730	2644	2307	4099	429	9	0	0	0
Yale-RSV-0161	15223	4094	1705	1833	3074	4507	10	0	0	0
Yale-RSV-0162	15220	4109	1799	1706	3030	4572	4	0	0	0
Yale-RSV-0163	15227	2261	963	961	1670	9368	4	0	0	0
Yale-RSV-0164	15218	5775	2657	2322	4127	329	8	0	0	0
Yale-RSV-0166	15222	5096	2354	2072	3655	2036	9	0	0	0
Yale-RSV-0167	15219	5824	2674	2365	4179	167	10	0	0	0
Yale-RSV-0168	15234	3392	1568	1411	2447	6412	4	0	0	0
Yale-RSV-0169	15219	5653	2563	2270	4010	566	157	0	0	0
Yale-RSV-0170	15219	5576	2547	2263	4017	805	11	0	0	0
Yale-RSV-0171	15218	5242	2404	2143	3760	1660	9	0	0	0
Yale-RSV-0172	15216	3697	1694	1590	2723	5506	6	0	0	0
Yale-RSV-0173	15217	5803	2665	2353	4168	218	10	0	0	0
Yale-RSV-0175	15217	5841	2681	2377	4191	117	10	0	0	0
Yale-RSV-0176	15216	5829	2690	2371	4160	154	12	0	0	0
Yale-RSV-0177	15213	5687	2612	2300	4063	539	12	0	0	0
Yale-RSV-0178	15215	5521	2555	2228	3906	984	21	0	0	0
Yale-RSV-0180	15211	5774	2644	2336	4142	303	12	0	0	0
Yale-RSV-0181	15211	5839	2679	2389	4180	107	17	0	0	0
Yale-RSV-0182	15217	3563	1627	1471	2689	5829	38	0	0	0
Yale-RSV-0183	15218	5780	2634	2322	4143	330	9	0	0	0
Yale-RSV-0185	15227	5180	2385	2106	3728	1819	9	0	0	0
Yale-RSV-0186	15240	5530	2573	2227	3905	996	9	0	0	0
Yale-RSV-0188	15218	5638	2607	2270	4029	664	10	0	0	0
Yale-RSV-0191	15227	911	403	380	746	12783	4	0	0	0
Yale-RSV-0193	15218	5628	2592	2257	4005	728	8	0	0	0
Yale-RSV-0194	15224	5555	2542	2261	4003	857	6	0	0	0
Yale-RSV-0195	15218	5615	2592	2301	4019	684	7	0	0	0
Yale-RSV-0196	15227	4995	2331	2028	3615	2254	4	0	0	0
Yale-RSV-0197	15214	5161	2348	2108	3714	1876	7	0	0	0
Yale-RSV-0198	15225	5196	2399	2125	3723	1776	6	0	0	0
Yale-RSV-0199	15218	5745	2635	2313	4118	402	5	0	0	0
Yale-RSV-0200	15218	5620	2594	2260	4014	723	7	0	0	0
Yale-RSV-0201	15224	5346	2466	2161	3835	1407	9	0	0	0
Yale-RSV-0202	15222	3945	1775	1624	2893	4981	4	0	0	0
Yale-RSV-0203	15219	5333	2446	2159	3796	1475	10	0	0	0
Yale-RSV-0204	15218	5784	2641	2317	4133	330	13	0	0	0
Yale-RSV-0205	15218	5764	2642	2308	4118	379	7	0	0	0
Yale-RSV-0206	15218	5604	2574	2242	3983	806	9	0	0	0
Yale-RSV-0207	15218	5775	2644	2326	4138	327	8	0	0	0
Yale-RSV-0209	15224	5426	2482	2207	3896	1204	9	0	0	0
Yale-RSV-0210	15220	5683	2615	2287	4065	561	9	0	0	0
Yale-RSV-0211	15220	5514	2556	2207	3880	1056	7	0	0	0
Yale-RSV-0212	15218	5761	2630	2318	4127	375	7	0	0	0
Yale-RSV-0213	15227	4939	2267	2019	3535	2463	4	0	0	0
Yale-RSV-0215	15224	5694	2630	2298	4065	530	7	0	0	0
Yale-RSV-0216	15221	5022	2207	2064	3569	1768	591	0	0	0
Yale-RSV-0217	15217	5592	2590	2297	4008	719	11	0	0	0
Yale-RSV-0218	15218	5455	2511	2215	3901	1115	21	0	0	0
Yale-RSV-0219	15225	5485	2512	2228	3958	1037	5	0	0	0
Yale-RSV-0220	15214	5713	2631	2310	4106	445	9	0	0	0
Yale-RSV-0223	15221	5137	2369	2100	3684	1926	5	0	0	0
Yale-RSV-0224	15215	3322	1543	1378	2400	6567	5	0	0	0
Yale-RSV-0225	15225	5238	2425	2133	3755	1668	6	0	0	0
Yale-RSV-0226	15214	5686	2619	2299	4070	529	11	0	0	0
Yale-RSV-0227	15216	5370	2472	2172	3821	1376	5	0	0	0
Yale-RSV-0229	15219	5713	2626	2304	4074	493	9	0	0	0
Yale-RSV-0230	15224	5644	2607	2271	4000	694	8	0	0	0
Yale-RSV-0232	15227	4443	2006	1855	3228	3688	7	0	0	0
Yale-RSV-0233	15225	5316	2447	2151	3794	1507	10	0	0	0
Yale-RSV-0234	15226	4087	1854	1708	3029	4545	3	0	0	0
Yale-RSV-0236	15224	5568	2554	2263	4019	807	13	0	0	0
Yale-RSV-0238	15224	5624	2572	2276	4036	708	8	0	0	0
Yale-RSV-0239	15218	5597	2587	2244	3961	822	7	0	0	0
Yale-RSV-0240	15221	2771	1265	1168	1961	8054	2	0	0	0
Yale-RSV-0241	15218	5691	2622	2286	4054	556	9	0	0	0
Yale-RSV-0242	15217	5031	2298	2084	3600	2201	3	0	0	0
Yale-RSV-0243	15224	5341	2466	2169	3807	1437	4	0	0	0
Yale-RSV-0244	15214	5413	2396	2172	3851	793	589	0	0	0
Yale-RSV-0245	15224	3973	1795	1629	2904	4908	15	0	0	0
Yale-RSV-0246	15219	5454	2507	2213	3908	1130	7	0	0	0
Yale-RSV-0247	15216	1835	853	718	1294	10513	3	0	0	0
Yale-RSV-0248	15225	5420	2486	2216	3921	1176	6	0	0	0
Yale-RSV-0249	15214	5356	2506	2182	3792	1370	8	0	0	0
Yale-RSV-0250	15226	4654	2062	1930	3417	3159	4	0	0	0
Yale-RSV-0253	15219	5618	2586	2245	3985	782	3	0	0	0
Yale-RSV-0255	15213	5477	2540	2232	3882	1073	9	0	0	0
Yale-RSV-0256	15226	4445	2011	1817	3267	3680	6	0	0	0
Yale-RSV-0257	15220	5636	2592	2254	3983	742	13	0	0	0
Yale-RSV-0258	15218	5678	2578	2276	4030	315	341	0	0	0
Yale-RSV-0260	15225	268	127	140	258	14432	0	0	0	0
Yale-RSV-0261	15217	5371	2505	2198	3803	1332	8	0	0	0
Yale-RSV-0263	15220	5395	2524	2178	3814	1303	6	0	0	0
Yale-RSV-0264	15218	5701	2641	2364	4092	409	11	0	0	0
Yale-RSV-0265	15225	5262	2424	2139	3772	1622	6	0	0	0
Yale-RSV-0267	15209	5431	2518	2206	3839	1208	7	0	0	0
Yale-RSV-0268	15224	5503	2526	2245	3953	990	7	0	0	0
Yale-RSV-0269	15222	3599	1618	1487	2603	5907	8	0	0	0
Yale-RSV-0270	15218	5630	2596	2272	4012	702	6	0	0	0
Yale-RSV-0273	15215	4416	2085	1807	3154	3744	9	0	0	0
Yale-RSV-0274	15218	5197	2387	2131	3731	1762	10	0	0	0
Yale-RSV-0275	15218	5559	2578	2232	3942	902	5	0	0	0
Yale-RSV-0276	15216	5757	2641	2322	4127	356	13	0	0	0
Yale-RSV-0278	15219	5717	2634	2298	4053	508	9	0	0	0
Yale-RSV-0279	15225	2458	1055	1027	1901	8782	2	0	0	0
Yale-RSV-0280	15223	5584	2571	2257	3976	825	10	0	0	0
Yale-RSV-0281	15225	3312	1550	1343	2479	6536	5	0	0	0
Yale-RSV-0282	15218	5740	2616	2333	4142	375	12	0	0	0
Yale-RSV-0283	15225	5344	2463	2183	3837	1391	7	0	0	0
Yale-RSV-0284	15221	4862	2217	2007	3544	2584	7	0	0	0
Yale-RSV-0285	15225	4561	2109	1883	3343	3324	5	0	0	0
Yale-RSV-0287	15215	805	387	331	593	13098	1	0	0	0
Yale-RSV-0289	15233	4696	2119	1917	3481	2921	99	0	0	0
Yale-RSV-0291	15224	5577	2539	2282	4043	772	11	0	0	0
Yale-RSV-0293	15218	5415	2478	2219	3930	1163	13	0	0	0
Yale-RSV-0295	15226	5798	2677	2340	4147	253	11	0	0	0
Yale-RSV-0296	15228	5386	2483	2200	3886	1265	8	0	0	0
Yale-RSV-0298	15227	5744	2650	2320	4097	402	14	0	0	0
Yale-RSV-0299	15213	5729	2631	2316	4105	421	11	0	0	0
Yale-RSV-0300	15231	5124	2371	2080	3668	1979	9	0	0	0
Yale-RSV-0301	15226	1978	873	795	1394	10184	2	0	0	0
Yale-RSV-0302	15218	5632	2601	2270	4009	697	9	0	0	0
Yale-RSV-0303	15228	5674	2625	2291	4045	581	12	0	0	0
Yale-RSV-0304	15223	3130	1492	1261	2251	7085	4	0	0	0
Yale-RSV-0305	15228	5728	2646	2308	4085	429	32	0	0	0
Yale-RSV-0306	15219	5730	2632	2307	4092	443	15	0	0	0
Yale-RSV-0308	15224	5801	2653	2359	4181	219	11	0	0	0
Yale-RSV-0309	15227	2000	925	739	1475	10085	3	0	0	0
Yale-RSV-0310	15214	5696	2613	2320	4082	492	11	0	0	0
Yale-RSV-0311	15218	3775	1565	1675	2843	5296	64	0	0	0
Yale-RSV-0312	15219	5831	2680	2354	4172	175	7	0	0	0
Yale-RSV-0313	15221	5799	2656	2335	4147	273	11	0	0	0
Yale-RSV-0315	15218	5648	2600	2274	4030	655	11	0	0	0
Yale-RSV-0317	15215	5788	2649	2345	4156	266	11	0	0	0
Yale-RSV-0318	15226	5814	2686	2348	4136	212	30	0	0	0
Yale-RSV-0319	15218	5766	2628	2356	4171	288	9	0	0	0
Yale-RSV-0320	15226	5735	2649	2318	4082	429	13	0	0	0
Yale-RSV-0321	15216	5820	2668	2365	4177	168	18	0	0	0
Yale-RSV-0322	15227	5546	2581	2232	3924	929	15	0	0	0
Yale-RSV-0323	15218	5600	2591	2261	4005	750	11	0	0	0
Yale-RSV-0324	15224	5439	2490	2221	3914	1151	9	0	0	0
Yale-RSV-0325	15223	5851	2703	2378	4172	109	10	0	0	0
Yale-RSV-0326	15223	5027	2321	2051	3627	2191	6	0	0	0
Yale-RSV-0327	15220	5755	2630	2330	4120	373	12	0	0	0
Yale-RSV-0328	15222	2430	1161	1015	1780	8831	5	0	0	0
Yale-RSV-0329	15216	5657	2603	2281	4051	613	11	0	0	0
Yale-RSV-0331	15212	5744	2635	2322	4110	391	10	0	0	0
Yale-RSV-0333	15217	5148	2348	2128	3693	1888	12	0	0	0
Yale-RSV-0335	15222	5098	2332	2107	3680	1964	41	0	0	0
Yale-RSV-0336	15219	4821	2209	1974	3470	2715	30	0	0	0
Yale-RSV-0338	15225	5626	2611	2256	3969	754	9	0	0	0
Yale-RSV-0339	15224	5761	2621	2366	4167	299	10	0	0	0
Yale-RSV-0340	15219	5713	2620	2285	4078	519	4	0	0	0
Yale-RSV-0341	15218	5310	2440	2175	3803	1482	8	0	0	0
Yale-RSV-0342	15226	5712	2637	2299	4068	493	17	0	0	0
Yale-RSV-0343	15219	5728	2634	2315	4110	423	9	0	0	0
Yale-RSV-0345	15226	5736	2647	2307	4088	437	11	0	0	0
Yale-RSV-0347	15215	5654	2599	2289	4045	616	12	0	0	0
Yale-RSV-0350	15216	5690	2614	2285	4062	556	9	0	0	0
Yale-RSV-0351	15225	5651	2614	2271	4011	667	11	0	0	0
Yale-RSV-0352	15218	5735	2626	2316	4104	422	15	0	0	0
Yale-RSV-0353	15222	5731	2634	2309	4091	437	20	0	0	0
Yale-RSV-0354	15220	5163	2302	2081	3699	1781	194	0	0	0
Yale-RSV-0355	15226	5774	2661	2322	4121	333	15	0	0	0
Yale-RSV-0356	15222	5780	2670	2322	4117	326	7	0	0	0
Yale-RSV-0357	15230	4122	1886	1693	3080	4438	11	0	0	0
Yale-RSV-0358	15225	5737	2651	2312	4088	425	12	0	0	0
Yale-RSV-0359	15212	5726	2631	2317	4105	421	12	0	0	0
Yale-RSV-0360	15214	5384	2475	2171	3831	1338	15	0	0	0
Yale-RSV-0362	15229	5702	2631	2293	4057	533	13	0	0	0
Yale-RSV-0363	15227	5810	2692	2363	4145	205	12	0	0	0
Yale-RSV-0364	15227	5702	2638	2299	4062	515	11	0	0	0
Yale-RSV-0366	15218	5696	2637	2313	4058	507	7	0	0	0
Yale-RSV-0368	15219	5736	2639	2311	4091	431	11	0	0	0
Yale-RSV-0369	15211	5721	2622	2326	4101	427	14	0	0	0
Yale-RSV-0371	15218	5433	2498	2197	3859	1220	11	0	0	0
Yale-RSV-0372	15218	5701	2630	2295	4087	496	9	0	0	0
Yale-RSV-0374	15218	5635	2592	2247	3991	745	8	0	0	0
Yale-RSV-0375	15218	5455	2536	2205	3884	1131	7	0	0	0
Yale-RSV-0377	15219	5792	2656	2336	4134	289	12	0	0	0
Yale-RSV-0378	15219	4822	2216	1977	3504	2692	8	0	0	0
Yale-RSV-0379	15214	5806	2665	2350	4169	216	8	0	0	0
Yale-RSV-0381	15211	5593	2569	2279	4000	753	17	0	0	0
Yale-RSV-0383	15225	478	186	208	348	14003	2	0	0	0
Yale-RSV-0386	15220	4397	2078	1811	3198	3725	11	0	0	0
Yale-RSV-0389	15221	3791	1803	1535	2662	5422	8	0	0	0
Yale-RSV-0390	15225	3580	1725	1452	2563	5899	6	0	0	0
Yale-RSV-0391	15228	2823	1295	1173	2060	7874	3	0	0	0
Yale-RSV-0392	15212	4715	2249	1915	3325	2989	19	0	0	0
Yale-RSV-0393	15226	2976	1461	1168	2073	7544	4	0	0	0
Yale-RSV-0394	15224	3580	1736	1436	2559	5905	8	0	0	0
Yale-RSV-0397	15224	2232	922	985	1707	9352	26	0	0	0
Yale-RSV-0398	15217	4982	2362	2019	3533	2292	29	0	0	0
Yale-RSV-0399	15220	2313	1090	946	1606	9260	5	0	0	0
Yale-RSV-0400	15226	3534	1725	1424	2465	6071	7	0	0	0
Yale-RSV-0401	15228	1192	568	390	740	12335	3	0	0	0
Yale-RSV-0402	15223	4711	2240	1914	3357	2987	14	0	0	0
Yale-RSV-0403	15220	3916	1879	1612	2806	5001	6	0	0	0
Yale-RSV-0404	15224	3314	1555	1331	2369	6650	5	0	0	0
Yale-RSV-0405	15226	3631	1762	1438	2522	5867	6	0	0	0
Yale-RSV-0406	15226	3588	1736	1434	2548	5917	3	0	0	0
Yale-RSV-0407	15239	4831	2268	1987	3463	2672	18	0	0	0
Yale-RSV-0408	15224	3343	1581	1344	2373	6573	10	0	0	0
Yale-RSV-0409	15219	4783	2276	1941	3419	2786	14	0	0	0
Yale-RSV-0410	15218	4470	2105	1760	3129	3748	6	0	0	0
Yale-RSV-0411	15231	3525	1726	1415	2474	6084	7	0	0	0
Yale-RSV-0413	15221	3286	1615	1325	2286	6698	11	0	0	0
Yale-RSV-0414	15223	3407	1638	1365	2411	6393	9	0	0	0
Yale-RSV-0415	15225	2711	1239	1126	1959	8190	0	0	0	0
Yale-RSV-0417	15224	3955	1875	1629	2881	4877	7	0	0	0
Yale-RSV-0418	15233	4844	2285	1970	3479	2642	13	0	0	0
Yale-RSV-0420	15225	3722	1769	1515	2673	5505	41	0	0	0
Yale-RSV-0422	15220	4103	1924	1652	2911	4616	14	0	0	0
Yale-RSV-0424	15215	5675	2636	2293	4040	560	11	0	0	0
Yale-RSV-0425	15229	3595	1728	1446	2567	5884	9	0	0	0
Yale-RSV-0426	15217	4658	2203	1910	3351	3089	6	0	0	0
Yale-RSV-0427	15217	5139	2412	2068	3652	1931	15	0	0	0
Yale-RSV-0429	15224	3989	1927	1642	2856	4802	8	0	0	0
Yale-RSV-0430	15219	4745	2214	1945	3444	2859	12	0	0	0
Yale-RSV-0431	15215	4591	2174	1873	3261	3308	8	0	0	0
Yale-RSV-0432	15220	4311	2003	1750	3119	3964	73	0	0	0
Yale-RSV-0433	15224	4503	2121	1841	3243	3504	12	0	0	0
Yale-RSV-0434	15232	3195	1538	1260	2230	7003	6	0	0	0
Yale-RSV-0435	15225	418	206	212	337	14052	0	0	0	0
Yale-RSV-0436	15225	3122	1469	1257	2272	7103	2	0	0	0
Yale-RSV-0439	15225	3700	1811	1518	2600	5591	5	0	0	0
Yale-RSV-0440	15217	5689	2632	2319	4050	511	16	0	0	0
Yale-RSV-0443	15215	5526	2569	2254	3925	925	16	0	0	0
Yale-RSV-0444	15225	858	380	379	594	13013	1	0	0	0
Yale-RSV-0446	15225	3924	1859	1590	2832	5013	7	0	0	0
Yale-RSV-0447	15225	3869	1846	1587	2798	5117	8	0	0	0
Yale-RSV-0448	15225	3708	1778	1516	2683	5532	8	0	0	0
Yale-RSV-0449	15225	2219	1093	871	1454	9584	4	0	0	0
Yale-RSV-0450	15222	4910	2315	1979	3485	2527	6	0	0	0
Yale-RSV-0452	15220	4249	2018	1753	3062	4130	8	0	0	0
Yale-RSV-0453	15229	4766	2249	1966	3404	2828	16	0	0	0
Yale-RSV-0454	15218	5141	2413	2092	3667	1892	13	0	0	0
Yale-RSV-0455	15219	3322	1606	1336	2329	6621	5	0	0	0
Yale-RSV-0456	15223	3229	1567	1273	2244	6903	7	0	0	0
Yale-RSV-0457	15225	3356	1590	1371	2390	6514	4	0	0	0
Yale-RSV-0458	15226	4337	2067	1763	3097	3950	12	0	0	0
Yale-RSV-0459	15220	3375	1628	1349	2347	6515	6	0	0	0
Yale-RSV-0460	15232	3803	1824	1537	2689	5372	7	0	0	0
Yale-RSV-0465	15221	3133	1542	1275	2165	7098	8	0	0	0
Yale-RSV-0466	15223	3461	1670	1387	2429	6271	5	0	0	0
Yale-RSV-0470	15225	3116	1495	1248	2175	7185	6	0	0	0
Yale-RSV-0471	15227	2619	1248	1062	1884	8408	6	0	0	0
Yale-RSV-0472	15223	3928	1869	1602	2833	4984	7	0	0	0
Yale-RSV-0473	15209	4454	2102	1807	3229	3604	13	0	0	0
Yale-RSV-0474	15226	4211	1973	1701	3016	4296	29	0	0	0
Yale-RSV-0476	15216	3045	1482	1240	2184	7248	17	0	0	0
Yale-RSV-0477	15236	5172	2452	2080	3672	1844	16	0	0	0
