REGION	POS	REF	ALT	REF_DP	REF_RV	REF_QUAL	ALT_DP	ALT_RV	ALT_QUAL	ALT_FREQ	TOTAL_DP	PVAL	PASS	GFF_FEATURE	REF_CODON	REF_AA	ALT_CODON	ALT_AA	POS_AA
NC_001781.1	110	T	C	0	0	0	222	3	33	1	222	1.05173e-161	TRUE	NA	NA	NA	NA	NA	NA
NC_001781.1	114	C	T	0	0	0	269	10	34	1	269	5.51666e-223	TRUE	NA	NA	NA	NA	NA	NA
NC_001781.1	119	C	T	0	0	0	569	69	40	1	569	0	TRUE	NA	NA	NA	NA	NA	NA
NC_001781.1	128	G	A	3	3	26	1486	412	58	0.997315	1490	0	TRUE	NA	NA	NA	NA	NA	NA
NC_001781.1	137	A	G	0	0	0	1544	415	58	1	1544	0	TRUE	NA	NA	NA	NA	NA	NA
NC_001781.1	144	T	C	0	0	0	1533	416	58	0.999348	1534	0	TRUE	NA	NA	NA	NA	NA	NA
NC_001781.1	146	A	G	0	0	0	1543	417	59	1	1543	0	TRUE	NA	NA	NA	NA	NA	NA
NC_001781.1	158	C	T	0	0	0	1548	417	58	1	1548	0	TRUE	NA	NA	NA	NA	NA	NA
NC_001781.1	185	T	C	0	0	0	1535	415	59	1	1535	0	TRUE	NA	NA	NA	NA	NA	NA
NC_001781.1	317	A	G	0	0	0	125	124	39	1	125	5.50379e-75	TRUE	NA	NA	NA	NA	NA	NA
NC_001781.1	323	T	C	0	0	0	121	120	38	1	121	9.16917e-74	TRUE	NA	NA	NA	NA	NA	NA
NC_001781.1	326	C	T	0	0	0	123	122	39	1	123	2.22815e-74	TRUE	NA	NA	NA	NA	NA	NA
NC_001781.1	329	T	C	0	0	0	123	122	39	1	123	2.22815e-74	TRUE	NA	NA	NA	NA	NA	NA
NC_001781.1	342	A	G	0	0	0	152	151	40	1	152	8.55302e-92	TRUE	NA	NA	NA	NA	NA	NA
NC_001781.1	353	C	T	0	0	0	562	294	42	0.998224	563	0	TRUE	NA	NA	NA	NA	NA	NA
NC_001781.1	380	G	A	55	55	31	2218	788	56	0.975803	2273	0	TRUE	NA	NA	NA	NA	NA	NA
NC_001781.1	404	C	T	0	0	0	2972	969	60	1	2972	0	TRUE	NA	NA	NA	NA	NA	NA
NC_001781.1	413	G	A	24	24	25	3202	1067	61	0.99256	3226	0	TRUE	NA	NA	NA	NA	NA	NA
NC_001781.1	468	A	G	37	33	47	2960	824	58	0.987654	2997	0	TRUE	NA	NA	NA	NA	NA	NA
NC_001781.1	510	A	C	0	0	0	2805	1226	59	0.998576	2809	0	TRUE	NA	NA	NA	NA	NA	NA
NC_001781.1	535	C	T	0	0	0	2964	1550	61	0.999663	2965	0	TRUE	NA	NA	NA	NA	NA	NA
NC_001781.1	577	A	C	1	0	24	3910	2127	60	0.999489	3912	0	TRUE	NA	NA	NA	NA	NA	NA
NC_001781.1	612	T	C	0	0	0	3930	2392	61	1	3930	0	TRUE	NA	NA	NA	NA	NA	NA
NC_001781.1	625	T	C	0	0	0	3753	2312	62	0.999734	3754	0	TRUE	NA	NA	NA	NA	NA	NA
NC_001781.1	640	T	C	1	0	34	3399	2227	60	0.999412	3401	0	TRUE	NA	NA	NA	NA	NA	NA
NC_001781.1	649	T	C	0	0	0	2510	1602	54	1	2510	0	TRUE	NA	NA	NA	NA	NA	NA
NC_001781.1	652	T	C	1	1	40	2522	1619	54	0.999604	2523	0	TRUE	NA	NA	NA	NA	NA	NA
NC_001781.1	664	A	G	0	0	0	2011	1199	57	1	2011	0	TRUE	NA	NA	NA	NA	NA	NA
NC_001781.1	673	G	A	0	0	0	1916	1174	56	0.999478	1917	0	TRUE	NA	NA	NA	NA	NA	NA
NC_001781.1	964	C	T	4	2	36	8574	1955	42	0.999534	8578	0	TRUE	NA	NA	NA	NA	NA	NA
NC_001781.1	1001	A	C	0	0	0	8884	1963	44	1	8884	0	TRUE	NA	NA	NA	NA	NA	NA
NC_001781.1	1012	A	-AAAACC	66	30	21	9461	0	20	0.941487	10049	0	TRUE	NA	NA	NA	NA	NA	NA
NC_001781.1	1022	C	T	1	0	34	114	63	21	0.991304	115	7.35825e-206	TRUE	NA	NA	NA	NA	NA	NA
NC_001781.1	1025	A	T	0	0	0	1378	663	27	0.999275	1379	0	TRUE	NA	NA	NA	NA	NA	NA
NC_001781.1	1037	T	C	1	1	40	8578	1957	42	0.999185	8585	0	TRUE	NA	NA	NA	NA	NA	NA
NC_001781.1	1041	C	A	9	1	30	8740	1965	43	0.998857	8750	0	TRUE	NA	NA	NA	NA	NA	NA
NC_001781.1	1042	C	T	2	0	39	8684	1940	43	0.99954	8688	0	TRUE	NA	NA	NA	NA	NA	NA
NC_001781.1	1043	T	C	1	0	40	8686	1956	43	0.999885	8687	0	TRUE	NA	NA	NA	NA	NA	NA
NC_001781.1	1061	T	C	0	0	0	8516	1884	43	0.999413	8521	0	TRUE	NA	NA	NA	NA	NA	NA
NC_001781.1	1082	G	A	2	2	24	8283	1878	42	0.999759	8285	0	TRUE	NA	NA	NA	NA	NA	NA
NC_001781.1	1102	A	G	2	0	26	3777	2377	42	0.999206	3780	0	TRUE	NA	NA	NA	NA	NA	NA
NC_001781.1	1103	A	G	3	0	28	3769	2371	42	0.999205	3772	0	TRUE	NA	NA	NA	NA	NA	NA
NC_001781.1	1106	A	G	1	1	34	3808	2401	42	0.999737	3809	0	TRUE	NA	NA	NA	NA	NA	NA
NC_001781.1	1109	G	A	49	48	37	3788	2399	42	0.985432	3844	0	TRUE	NA	NA	NA	NA	NA	NA
NC_001781.1	1113	A	G	0	0	0	4850	2846	39	1	4850	0	TRUE	NA	NA	NA	NA	NA	NA
NC_001781.1	1163	A	G	1	0	24	9090	3202	42	0.99989	9091	0	TRUE	NA	NA	NA	NA	NA	NA
NC_001781.1	1199	C	T	99	0	34	8966	3010	42	0.98897	9066	0	TRUE	NA	NA	NA	NA	NA	NA
NC_001781.1	1325	A	T	5500	1709	47	1877	306	43	0.254233	7383	0	TRUE	NA	NA	NA	NA	NA	NA
NC_001781.1	1328	A	G	5396	1593	47	2061	386	42	0.276385	7457	0	TRUE	NA	NA	NA	NA	NA	NA
NC_001781.1	1341	T	C	3056	520	43	5265	1508	46	0.632736	8321	0	TRUE	NA	NA	NA	NA	NA	NA
NC_001781.1	1355	C	T	3	0	39	3122	647	43	0.998082	3128	0	TRUE	NA	NA	NA	NA	NA	NA
NC_001781.1	1358	G	A	5	5	24	3133	699	43	0.998407	3138	0	TRUE	NA	NA	NA	NA	NA	NA
NC_001781.1	1367	G	A	1	1	24	3843	1051	43	0.99974	3844	0	TRUE	NA	NA	NA	NA	NA	NA
NC_001781.1	1376	T	C	0	0	0	4266	1130	42	1	4266	0	TRUE	NA	NA	NA	NA	NA	NA
NC_001781.1	1382	G	A	1	1	24	4399	1209	42	0.999546	4401	0	TRUE	NA	NA	NA	NA	NA	NA
NC_001781.1	1388	T	C	0	0	0	4555	1301	42	1	4555	0	TRUE	NA	NA	NA	NA	NA	NA
NC_001781.1	1397	T	G	0	0	0	4618	1495	43	0.999567	4620	0	TRUE	NA	NA	NA	NA	NA	NA
NC_001781.1	1412	A	G	1	1	40	4672	1489	42	0.999786	4673	0	TRUE	NA	NA	NA	NA	NA	NA
NC_001781.1	1415	T	A	0	0	0	4746	1528	42	0.999789	4747	0	TRUE	NA	NA	NA	NA	NA	NA
NC_001781.1	1424	A	G	2	2	29	5509	1862	44	0.999637	5511	0	TRUE	NA	NA	NA	NA	NA	NA
NC_001781.1	1428	A	G	0	0	0	5548	1889	44	1	5548	0	TRUE	NA	NA	NA	NA	NA	NA
NC_001781.1	1437	T	C	1	0	40	6724	2142	45	0.999554	6727	0	TRUE	NA	NA	NA	NA	NA	NA
NC_001781.1	1442	T	A	0	0	0	6953	2331	45	0.999712	6955	0	TRUE	NA	NA	NA	NA	NA	NA
NC_001781.1	1448	T	C	1	1	24	6861	2354	46	0.999854	6862	0	TRUE	NA	NA	NA	NA	NA	NA
NC_001781.1	1451	A	C	3	2	26	6841	2410	46	0.999562	6844	0	TRUE	NA	NA	NA	NA	NA	NA
NC_001781.1	1457	A	G	144	105	37	6817	2568	48	0.979313	6961	0	TRUE	NA	NA	NA	NA	NA	NA
NC_001781.1	1460	G	A	73	60	36	6851	2590	48	0.989457	6924	0	TRUE	NA	NA	NA	NA	NA	NA
NC_001781.1	1472	C	T	2	0	40	7714	2757	48	0.999223	7720	0	TRUE	NA	NA	NA	NA	NA	NA
NC_001781.1	1478	A	G	3	0	53	6983	2528	50	0.999571	6986	0	TRUE	NA	NA	NA	NA	NA	NA
NC_001781.1	1488	T	G	0	0	0	7612	2972	50	1	7612	0	TRUE	NA	NA	NA	NA	NA	NA
NC_001781.1	1496	G	A	3	3	31	6626	2715	50	0.999397	6630	0	TRUE	NA	NA	NA	NA	NA	NA
NC_001781.1	1500	T	A	0	0	0	6605	2703	50	0.999395	6609	0	TRUE	NA	NA	NA	NA	NA	NA
NC_001781.1	1502	A	T	1	1	36	6624	2699	50	0.999849	6625	0	TRUE	NA	NA	NA	NA	NA	NA
NC_001781.1	1508	A	T	0	0	0	6970	3130	50	0.999713	6972	0	TRUE	NA	NA	NA	NA	NA	NA
NC_001781.1	1512	G	A	14	14	38	7289	3341	50	0.998083	7303	0	TRUE	NA	NA	NA	NA	NA	NA
NC_001781.1	1517	T	C	0	0	0	7423	3515	50	0.999865	7424	0	TRUE	NA	NA	NA	NA	NA	NA
NC_001781.1	1562	G	A	8	2	41	6469	3354	47	0.998611	6478	0	TRUE	NA	NA	NA	NA	NA	NA
NC_001781.1	1571	A	G	442	166	64	5065	2554	44	0.919572	5508	0	TRUE	NA	NA	NA	NA	NA	NA
NC_001781.1	1586	T	C	1342	437	62	4100	2771	44	0.753399	5442	0	TRUE	NA	NA	NA	NA	NA	NA
NC_001781.1	1595	T	C	1559	523	63	3130	2301	42	0.66752	4689	0	TRUE	NA	NA	NA	NA	NA	NA
NC_001781.1	1601	A	T	1985	665	62	2403	1813	43	0.54738	4390	0	TRUE	NA	NA	NA	NA	NA	NA
NC_001781.1	1604	C	T	2045	687	60	2383	1801	43	0.537923	4430	0	TRUE	NA	NA	NA	NA	NA	NA
NC_001781.1	1620	C	T	3040	899	60	1868	1502	42	0.380603	4908	0	TRUE	NA	NA	NA	NA	NA	NA
NC_001781.1	1622	G	A	3797	1003	56	1903	1541	42	0.33386	5700	0	TRUE	NA	NA	NA	NA	NA	NA
NC_001781.1	1631	A	T	1536	1282	42	4015	1039	58	0.723033	5553	0	TRUE	NA	NA	NA	NA	NA	NA
NC_001781.1	1634	A	C	885	766	42	4002	1045	57	0.818907	4887	0	TRUE	NA	NA	NA	NA	NA	NA
NC_001781.1	1664	C	T	2	2	37	4452	1223	58	0.999551	4454	0	TRUE	NA	NA	NA	NA	NA	NA
NC_001781.1	1715	T	C	0	0	0	4204	1371	57	0.999524	4206	0	TRUE	NA	NA	NA	NA	NA	NA
NC_001781.1	1736	T	C	0	0	0	4287	1657	57	1	4287	0	TRUE	NA	NA	NA	NA	NA	NA
NC_001781.1	1739	C	A	0	0	0	4288	1662	57	0.999767	4289	0	TRUE	NA	NA	NA	NA	NA	NA
NC_001781.1	1748	G	A	1	1	40	4071	1647	58	0.999509	4073	0	TRUE	NA	NA	NA	NA	NA	NA
NC_001781.1	1751	T	C	3	2	66	4085	1673	57	0.999022	4089	0	TRUE	NA	NA	NA	NA	NA	NA
NC_001781.1	1757	T	C	0	0	0	4167	1865	59	0.999041	4171	0	TRUE	NA	NA	NA	NA	NA	NA
NC_001781.1	1775	G	A	1	1	24	4029	2384	57	0.999752	4030	0	TRUE	NA	NA	NA	NA	NA	NA
NC_001781.1	1785	C	T	1	0	24	4068	2417	57	0.999754	4069	0	TRUE	NA	NA	NA	NA	NA	NA
NC_001781.1	1823	T	A	0	0	0	4259	2920	58	1	4259	0	TRUE	NA	NA	NA	NA	NA	NA
NC_001781.1	1835	A	C	2	2	27	4241	2855	57	0.999529	4243	0	TRUE	NA	NA	NA	NA	NA	NA
NC_001781.1	1847	T	C	2	0	40	4186	2787	59	0.999522	4188	0	TRUE	NA	NA	NA	NA	NA	NA
NC_001781.1	1896	T	G	3684	2490	62	2874	35	39	0.43811	6560	0	TRUE	NA	NA	NA	NA	NA	NA
NC_001781.1	1901	G	A	2874	28	39	3318	2232	62	0.535853	6192	0	TRUE	NA	NA	NA	NA	NA	NA
NC_001781.1	1907	A	G	3305	2228	62	2844	3	39	0.462514	6149	0	TRUE	NA	NA	NA	NA	NA	NA
NC_001781.1	1911	C	T	3176	2135	62	2826	2	39	0.470843	6002	0	TRUE	NA	NA	NA	NA	NA	NA
NC_001781.1	1914	A	C	2968	1979	63	2628	2	38	0.469621	5596	0	TRUE	NA	NA	NA	NA	NA	NA
NC_001781.1	1916	A	G	2989	1997	63	2843	2	39	0.487483	5832	0	TRUE	NA	NA	NA	NA	NA	NA
NC_001781.1	1922	A	G	2782	1840	63	2827	2	39	0.503922	5610	0	TRUE	NA	NA	NA	NA	NA	NA
NC_001781.1	1925	T	C	2677	1774	62	2823	3	39	0.513273	5500	0	TRUE	NA	NA	NA	NA	NA	NA
NC_001781.1	1931	C	A	2660	1781	61	2867	34	39	0.518351	5531	0	TRUE	NA	NA	NA	NA	NA	NA
NC_001781.1	1937	T	A	2396	1603	62	2889	37	39	0.546641	5285	0	TRUE	NA	NA	NA	NA	NA	NA
NC_001781.1	1940	A	T	2376	1594	62	2877	34	39	0.547687	5253	0	TRUE	NA	NA	NA	NA	NA	NA
NC_001781.1	1946	T	C	2385	1643	61	2830	37	39	0.542665	5215	0	TRUE	NA	NA	NA	NA	NA	NA
NC_001781.1	1949	C	T	893	537	59	2908	57	39	0.765062	3801	0	TRUE	NA	NA	NA	NA	NA	NA
NC_001781.1	1953	C	T	884	536	60	7173	96	36	0.890282	8057	0	TRUE	NA	NA	NA	NA	NA	NA
NC_001781.1	1958	T	A	0	0	0	9170	1761	42	0.999891	9171	0	TRUE	NA	NA	NA	NA	NA	NA
NC_001781.1	1961	T	C	871	533	59	8317	1217	40	0.905202	9188	0	TRUE	NA	NA	NA	NA	NA	NA
NC_001781.1	1970	C	A	870	538	55	8380	1254	40	0.905946	9250	0	TRUE	NA	NA	NA	NA	NA	NA
NC_001781.1	1973	G	A	1	1	40	8869	1702	40	0.999775	8871	0	TRUE	NA	NA	NA	NA	NA	NA
NC_001781.1	1985	G	A	13	3	50	9383	1268	40	0.998616	9396	0	TRUE	NA	NA	NA	NA	NA	NA
NC_001781.1	1997	A	G	2	0	40	9706	1284	40	0.999794	9708	0	TRUE	NA	NA	NA	NA	NA	NA
NC_001781.1	2000	C	G	0	0	0	9728	1287	40	1	9728	0	TRUE	NA	NA	NA	NA	NA	NA
NC_001781.1	2012	A	T	0	0	0	9712	1257	40	0.999897	9713	0	TRUE	NA	NA	NA	NA	NA	NA
NC_001781.1	2018	G	A	2	1	24	9469	1262	39	0.999578	9473	0	TRUE	NA	NA	NA	NA	NA	NA
NC_001781.1	2024	A	T	0	0	0	9659	1267	40	0.999896	9660	0	TRUE	NA	NA	NA	NA	NA	NA
NC_001781.1	2033	T	A	1	0	40	7152	1343	40	0.99986	7153	0	TRUE	NA	NA	NA	NA	NA	NA
NC_001781.1	2057	T	C	1	1	24	8735	2991	41	0.999886	8736	0	TRUE	NA	NA	NA	NA	NA	NA
NC_001781.1	2070	T	C	1	1	24	5054	1812	40	0.999209	5058	0	TRUE	NA	NA	NA	NA	NA	NA
NC_001781.1	2072	G	A	0	0	0	5182	1817	42	1	5182	0	TRUE	NA	NA	NA	NA	NA	NA
NC_001781.1	2073	C	T	0	0	0	5195	1835	42	1	5195	0	TRUE	NA	NA	NA	NA	NA	NA
NC_001781.1	2075	G	A	4	4	32	5185	1827	42	0.999037	5190	0	TRUE	NA	NA	NA	NA	NA	NA
NC_001781.1	2078	A	T	0	0	0	5219	1864	41	1	5219	0	TRUE	NA	NA	NA	NA	NA	NA
NC_001781.1	2081	A	G	1	0	40	5131	1889	41	0.999805	5132	0	TRUE	NA	NA	NA	NA	NA	NA
NC_001781.1	2094	A	C	1	0	24	7747	4504	41	0.999871	7748	0	TRUE	NA	NA	NA	NA	NA	NA
NC_001781.1	2102	A	T	1	1	40	5517	4593	42	0.999819	5518	0	TRUE	NA	NA	NA	NA	NA	NA
NC_001781.1	2108	G	A	2	2	40	5459	4584	42	0.999634	5461	0	TRUE	NA	NA	NA	NA	NA	NA
NC_001781.1	2111	C	A	0	0	0	5472	4595	42	1	5472	0	TRUE	NA	NA	NA	NA	NA	NA
NC_001781.1	2112	C	T	0	0	0	5432	4566	42	1	5432	0	TRUE	NA	NA	NA	NA	NA	NA
NC_001781.1	2114	A	G	2	2	32	5463	4594	42	0.999634	5465	0	TRUE	NA	NA	NA	NA	NA	NA
NC_001781.1	2123	A	T	0	0	0	5511	4607	42	0.999819	5512	0	TRUE	NA	NA	NA	NA	NA	NA
NC_001781.1	2126	A	T	0	0	0	5471	4575	41	0.999817	5472	0	TRUE	NA	NA	NA	NA	NA	NA
NC_001781.1	2129	T	C	9	7	52	5506	4573	41	0.998187	5516	0	TRUE	NA	NA	NA	NA	NA	NA
NC_001781.1	2147	G	A	4	3	32	7020	6727	40	0.999431	7024	0	TRUE	NA	NA	NA	NA	NA	NA
NC_001781.1	2150	T	C	0	0	0	6971	6677	39	0.999857	6972	0	TRUE	NA	NA	NA	NA	NA	NA
NC_001781.1	2156	T	C	0	0	0	6717	6421	39	1	6717	0	TRUE	NA	NA	NA	NA	NA	NA
NC_001781.1	2159	G	A	2	1	52	6723	6440	39	0.999554	6726	0	TRUE	NA	NA	NA	NA	NA	NA
NC_001781.1	2165	A	G	0	0	0	6808	6530	40	1	6808	0	TRUE	NA	NA	NA	NA	NA	NA
NC_001781.1	2168	C	T	1	1	24	6722	6441	40	0.999851	6723	0	TRUE	NA	NA	NA	NA	NA	NA
NC_001781.1	2171	G	A	2	2	32	6726	6446	40	0.999703	6728	0	TRUE	NA	NA	NA	NA	NA	NA
NC_001781.1	2174	T	C	3	3	24	6809	6506	39	0.99956	6812	0	TRUE	NA	NA	NA	NA	NA	NA
NC_001781.1	2177	T	A	0	0	0	6864	6549	40	1	6864	0	TRUE	NA	NA	NA	NA	NA	NA
NC_001781.1	2186	A	T	1	1	40	9729	9405	40	0.999486	9734	0	TRUE	NA	NA	NA	NA	NA	NA
NC_001781.1	2189	C	A	0	0	0	9705	9380	39	0.999897	9706	0	TRUE	NA	NA	NA	NA	NA	NA
NC_001781.1	2201	A	T	0	0	0	9598	9277	39	0.999688	9601	0	TRUE	NA	NA	NA	NA	NA	NA
NC_001781.1	2204	G	A	6	3	42	9724	9403	40	0.999383	9730	0	TRUE	NA	NA	NA	NA	NA	NA
NC_001781.1	2222	A	T	35	8	54	6602	6305	39	0.994277	6640	0	TRUE	NA	NA	NA	NA	NA	NA
NC_001781.1	2225	A	G	86	21	57	6660	6365	40	0.987252	6746	0	TRUE	NA	NA	NA	NA	NA	NA
NC_001781.1	2228	A	T	171	51	55	6673	6375	40	0.97473	6846	0	TRUE	NA	NA	NA	NA	NA	NA
NC_001781.1	2246	C	T	461	109	55	4150	4129	39	0.900022	4611	0	TRUE	NA	NA	NA	NA	NA	NA
NC_001781.1	2249	A	G	426	113	59	4192	4158	39	0.907752	4618	0	TRUE	NA	NA	NA	NA	NA	NA
NC_001781.1	2277	A	C	0	0	0	483	129	58	1	483	0	TRUE	NA	NA	NA	NA	NA	NA
NC_001781.1	2291	T	C	0	0	0	505	140	57	1	505	0	TRUE	NA	NA	NA	NA	NA	NA
NC_001781.1	2303	T	C	1	1	40	503	144	58	0.998016	504	0	TRUE	NA	NA	NA	NA	NA	NA
NC_001781.1	2422	G	A	3	3	40	245	147	58	0.987903	248	3.01006e-175	TRUE	NA	NA	NA	NA	NA	NA
NC_001781.1	2431	C	T	2	0	24	238	150	59	0.991667	240	2.50944e-171	TRUE	NA	NA	NA	NA	NA	NA
NC_001781.1	2440	C	A	0	0	0	236	151	58	0.995781	237	1.01352e-177	TRUE	NA	NA	NA	NA	NA	NA
NC_001781.1	2476	T	C	0	0	0	232	155	58	1	232	9.35758e-171	TRUE	NA	NA	NA	NA	NA	NA
NC_001781.1	2488	T	C	0	0	0	230	159	56	1	230	3.68181e-170	TRUE	NA	NA	NA	NA	NA	NA
NC_001781.1	2497	A	C	0	0	0	212	152	55	1	212	1.27323e-152	TRUE	NA	NA	NA	NA	NA	NA
NC_001781.1	2500	C	T	0	0	0	211	152	56	1	211	1.49108e-151	TRUE	NA	NA	NA	NA	NA	NA
NC_001781.1	2533	C	T	0	0	0	133	95	56	1	133	1.88975e-96	TRUE	NA	NA	NA	NA	NA	NA
NC_001781.1	2536	C	A	0	0	0	132	95	56	1	132	6.1288e-95	TRUE	NA	NA	NA	NA	NA	NA
NC_001781.1	2572	C	T	0	0	0	85	59	56	1	85	6.93235e-60	TRUE	NA	NA	NA	NA	NA	NA
NC_001781.1	2662	A	C	0	0	0	59	32	54	1	59	7.03899e-42	TRUE	NA	NA	NA	NA	NA	NA
NC_001781.1	2701	C	T	4	1	80	59	33	53	0.936508	63	4.47709e-38	TRUE	NA	NA	NA	NA	NA	NA
NC_001781.1	2713	G	A	6	1	62	59	33	54	0.907692	65	9.20628e-37	TRUE	NA	NA	NA	NA	NA	NA
NC_001781.1	2725	A	G	6	1	59	40	18	46	0.869565	46	7.41752e-29	TRUE	NA	NA	NA	NA	NA	NA
NC_001781.1	2731	T	C	6	1	66	24	8	49	0.8	30	1.12029e-13	TRUE	NA	NA	NA	NA	NA	NA
NC_001781.1	2734	C	T	0	0	0	30	9	53	1	30	1.80676e-20	TRUE	NA	NA	NA	NA	NA	NA
NC_001781.1	2737	C	T	6	1	66	24	8	51	0.8	30	1.69236e-13	TRUE	NA	NA	NA	NA	NA	NA
NC_001781.1	2740	T	A	6	1	64	24	8	49	0.8	30	1.69236e-13	TRUE	NA	NA	NA	NA	NA	NA
NC_001781.1	2750	C	T	6	3	50	24	9	51	0.8	30	1.69236e-13	TRUE	NA	NA	NA	NA	NA	NA
NC_001781.1	2758	A	G	8	5	55	22	8	48	0.733333	30	6.81779e-12	TRUE	NA	NA	NA	NA	NA	NA
NC_001781.1	2767	A	G	8	5	59	13	5	47	0.619048	21	5.73437e-07	TRUE	NA	NA	NA	NA	NA	NA
NC_001781.1	2783	T	C	6	5	64	15	8	44	0.714286	21	3.44406e-08	TRUE	NA	NA	NA	NA	NA	NA
NC_001781.1	2830	A	T	14	14	20	16	4	36	0.457143	35	3.53284e-08	TRUE	NA	NA	NA	NA	NA	NA
NC_001781.1	2836	C	T	0	0	0	1302	26	39	0.987111	1319	0	TRUE	NA	NA	NA	NA	NA	NA
NC_001781.1	2839	T	C	17	5	46	1377	70	39	0.987805	1394	0	TRUE	NA	NA	NA	NA	NA	NA
NC_001781.1	2866	G	A	1	0	40	8155	5815	48	0.999877	8156	0	TRUE	NA	NA	NA	NA	NA	NA
NC_001781.1	2896	G	A	0	0	0	8173	5803	48	0.998046	8189	0	TRUE	NA	NA	NA	NA	NA	NA
NC_001781.1	2929	T	C	16	5	45	6651	4051	44	0.997451	6668	0	TRUE	NA	NA	NA	NA	NA	NA
NC_001781.1	2950	G	A	2	1	30	7714	3540	45	0.999611	7717	0	TRUE	NA	NA	NA	NA	NA	NA
NC_001781.1	2956	C	T	8	1	33	8229	3979	45	0.998786	8239	0	TRUE	NA	NA	NA	NA	NA	NA
NC_001781.1	2990	C	T	10	1	29	7184	2796	45	0.99861	7194	0	TRUE	NA	NA	NA	NA	NA	NA
NC_001781.1	2995	T	C	0	0	0	8498	2889	41	0.997418	8520	0	TRUE	NA	NA	NA	NA	NA	NA
NC_001781.1	3004	T	C	0	0	0	8541	2945	44	0.999883	8542	0	TRUE	NA	NA	NA	NA	NA	NA
NC_001781.1	3043	T	C	4	1	40	8656	2977	43	0.999423	8661	0	TRUE	NA	NA	NA	NA	NA	NA
NC_001781.1	3055	G	A	10	1	35	8570	3010	42	0.998834	8580	0	TRUE	NA	NA	NA	NA	NA	NA
NC_001781.1	3079	G	C	0	0	0	7761	3175	40	0.999742	7763	0	TRUE	NA	NA	NA	NA	NA	NA
NC_001781.1	3103	A	G	2	1	40	7086	2407	45	0.999718	7088	0	TRUE	NA	NA	NA	NA	NA	NA
NC_001781.1	3110	T	C	1	1	80	7888	2523	45	0.999747	7890	0	TRUE	NA	NA	NA	NA	NA	NA
NC_001781.1	3121	T	C	0	0	0	7959	2701	46	0.999874	7960	0	TRUE	NA	NA	NA	NA	NA	NA
NC_001781.1	3139	T	C	8	1	45	6816	2233	48	0.998681	6825	0	TRUE	NA	NA	NA	NA	NA	NA
NC_001781.1	3147	C	T	34	0	31	6422	2178	49	0.99458	6457	0	TRUE	NA	NA	NA	NA	NA	NA
NC_001781.1	3151	C	A	0	0	0	5894	2103	49	1	5894	0	TRUE	NA	NA	NA	NA	NA	NA
NC_001781.1	3159	T	C	0	0	0	5722	2085	49	1	5722	0	TRUE	NA	NA	NA	NA	NA	NA
NC_001781.1	3160	G	A	1	0	80	5735	2079	50	0.999826	5736	0	TRUE	NA	NA	NA	NA	NA	NA
NC_001781.1	3164	G	A	0	0	0	5804	2107	50	1	5804	0	TRUE	NA	NA	NA	NA	NA	NA
NC_001781.1	3170	G	A	0	0	0	5678	1993	50	1	5678	0	TRUE	NA	NA	NA	NA	NA	NA
NC_001781.1	3197	C	T	36	0	38	3835	1344	49	0.990444	3872	0	TRUE	NA	NA	NA	NA	NA	NA
NC_001781.1	3203	C	A	8	0	24	2933	1219	48	0.996941	2942	0	TRUE	NA	NA	NA	NA	NA	NA
NC_001781.1	3228	A	C	32	30	28	9	0	21	0.219512	41	4.84798e-05	TRUE	NA	NA	NA	NA	NA	NA
NC_001781.1	3235	A	T	2	2	40	1313	721	48	0.996206	1318	0	TRUE	NA	NA	NA	NA	NA	NA
NC_001781.1	3242	A	-AAGAAC	914	469	54	401	0	20	0.219485	1827	2.16727e-142	TRUE	NA	NA	NA	NA	NA	NA
NC_001781.1	3247	A	-CAAGAT	402	205	25	1156	0	20	0.468966	2465	0	TRUE	NA	NA	NA	NA	NA	NA
NC_001781.1	3248	C	A	7	3	47	15	8	25	0.681818	22	4.34153e-24	TRUE	NA	NA	NA	NA	NA	NA
NC_001781.1	3280	C	T	3	2	40	9361	1375	42	0.99968	9364	0	TRUE	NA	NA	NA	NA	NA	NA
NC_001781.1	3283	G	A	1	1	24	9324	1371	42	0.999893	9325	0	TRUE	NA	NA	NA	NA	NA	NA
NC_001781.1	3292	A	G	3	1	40	9291	1380	41	0.999677	9294	0	TRUE	NA	NA	NA	NA	NA	NA
NC_001781.1	3310	A	T	2	1	40	9050	1255	41	0.999558	9054	0	TRUE	NA	NA	NA	NA	NA	NA
NC_001781.1	3319	G	A	2	1	40	9235	1606	41	0.999675	9238	0	TRUE	NA	NA	NA	NA	NA	NA
NC_001781.1	3328	T	C	5	4	48	7967	1492	40	0.998997	7975	0	TRUE	NA	NA	NA	NA	NA	NA
NC_001781.1	3340	T	C	7	3	40	7009	1497	41	0.999002	7016	0	TRUE	NA	NA	NA	NA	NA	NA
NC_001781.1	3358	A	T	1	0	40	4726	1502	40	0.999154	4730	0	TRUE	NA	NA	NA	NA	NA	NA
NC_001781.1	3373	T	C	3	1	34	3040	1406	40	0.999014	3043	0	TRUE	NA	NA	NA	NA	NA	NA
NC_001781.1	3382	G	A	21	0	33	1849	1391	38	0.98877	1870	0	TRUE	NA	NA	NA	NA	NA	NA
NC_001781.1	3388	T	C	3	0	34	323	303	39	0.990798	326	3.01965e-194	TRUE	NA	NA	NA	NA	NA	NA
NC_001781.1	3389	G	A	4	1	30	320	300	39	0.987654	324	2.24532e-187	TRUE	NA	NA	NA	NA	NA	NA
NC_001781.1	3391	A	G	2	1	40	320	301	39	0.993789	322	3.81834e-190	TRUE	NA	NA	NA	NA	NA	NA
NC_001781.1	3401	T	C	2	1	32	22	22	37	0.916667	24	1.00783e-11	TRUE	NA	NA	NA	NA	NA	NA
NC_001781.1	3403	G	A	1	0	40	22	21	40	0.956522	23	1.5505e-12	TRUE	NA	NA	NA	NA	NA	NA
NC_001781.1	3481	G	A	2	1	60	6764	1726	57	0.999557	6767	0	TRUE	NA	NA	NA	NA	NA	NA
NC_001781.1	3484	T	C	0	0	0	6828	1727	57	0.999854	6829	0	TRUE	NA	NA	NA	NA	NA	NA
NC_001781.1	3528	T	C	0	0	0	6627	1664	57	0.999397	6631	0	TRUE	NA	NA	NA	NA	NA	NA
NC_001781.1	3535	C	T	72	0	24	6579	1603	56	0.989026	6652	0	TRUE	NA	NA	NA	NA	NA	NA
NC_001781.1	3583	T	C	0	0	0	7244	1468	46	1	7244	0	TRUE	NA	NA	NA	NA	NA	NA
NC_001781.1	3611	C	T	5	1	32	8260	4028	45	0.999274	8266	0	TRUE	NA	NA	NA	NA	NA	NA
NC_001781.1	3622	A	G	0	0	0	8372	4018	46	1	8372	0	TRUE	NA	NA	NA	NA	NA	NA
NC_001781.1	3628	G	A	2	1	40	8310	3988	46	0.999759	8312	0	TRUE	NA	NA	NA	NA	NA	NA
NC_001781.1	3658	T	A	0	0	0	8277	3943	46	0.999879	8278	0	TRUE	NA	NA	NA	NA	NA	NA
NC_001781.1	3758	C	T	0	0	0	6398	2052	46	0.999844	6399	0	TRUE	NA	NA	NA	NA	NA	NA
NC_001781.1	3763	T	C	0	0	0	6395	2077	46	1	6395	0	TRUE	NA	NA	NA	NA	NA	NA
NC_001781.1	3793	A	G	1	0	23	5162	1807	39	0.995564	5185	0	TRUE	NA	NA	NA	NA	NA	NA
NC_001781.1	3799	C	T	0	0	0	3794	1371	43	0.999736	3795	0	TRUE	NA	NA	NA	NA	NA	NA
NC_001781.1	3863	G	C	0	0	0	31	8	39	1	31	2.14856e-18	TRUE	NA	NA	NA	NA	NA	NA
NC_001781.1	3865	A	G	0	0	0	30	7	39	1	30	1.04334e-20	TRUE	NA	NA	NA	NA	NA	NA
NC_001781.1	3871	T	C	1	0	24	129	48	44	0.992308	130	1.61586e-92	TRUE	NA	NA	NA	NA	NA	NA
NC_001781.1	3880	T	G	0	0	0	176	57	50	1	176	7.0032e-123	TRUE	NA	NA	NA	NA	NA	NA
NC_001781.1	3889	T	C	0	0	0	263	61	45	0.996212	264	4.43057e-181	TRUE	NA	NA	NA	NA	NA	NA
NC_001781.1	3892	A	G	1	1	36	285	65	46	0.996503	286	5.0855e-188	TRUE	NA	NA	NA	NA	NA	NA
NC_001781.1	3907	T	C	0	0	0	369	106	50	1	369	2.31747e-258	TRUE	NA	NA	NA	NA	NA	NA
NC_001781.1	3910	C	A	0	0	0	367	110	51	1	367	3.89307e-257	TRUE	NA	NA	NA	NA	NA	NA
NC_001781.1	3919	G	A	1	1	40	389	129	52	0.997436	390	1.20259e-276	TRUE	NA	NA	NA	NA	NA	NA
NC_001781.1	3928	T	C	2	2	28	400	129	52	0.995025	402	2.70549e-286	TRUE	NA	NA	NA	NA	NA	NA
NC_001781.1	3943	T	A	1	0	80	435	168	56	0.997706	436	3.14543e-314	TRUE	NA	NA	NA	NA	NA	NA
NC_001781.1	3961	G	A	24	9	47	241	164	36	0.909434	265	4.74654e-191	TRUE	NA	NA	NA	NA	NA	NA
NC_001781.1	3964	C	T	1	0	24	406	169	56	0.997543	407	1.29094e-295	TRUE	NA	NA	NA	NA	NA	NA
NC_001781.1	3976	G	T	0	0	0	349	143	56	0.997143	350	7.47694e-254	TRUE	NA	NA	NA	NA	NA	NA
NC_001781.1	3979	T	A	0	0	0	345	144	55	1	345	1.34596e-251	TRUE	NA	NA	NA	NA	NA	NA
NC_001781.1	3982	T	A	0	0	0	345	140	56	1	345	3.73301e-251	TRUE	NA	NA	NA	NA	NA	NA
NC_001781.1	3994	T	C	1	0	24	327	141	55	0.996951	328	4.8396e-237	TRUE	NA	NA	NA	NA	NA	NA
NC_001781.1	4006	T	A	1	0	26	235	98	55	0.995763	236	3.7735e-169	TRUE	NA	NA	NA	NA	NA	NA
NC_001781.1	4010	T	G	0	0	0	232	97	53	1	232	1.14797e-167	TRUE	NA	NA	NA	NA	NA	NA
NC_001781.1	4075	C	-A	7709	652	43	8943	0	20	0.996879	8971	0	TRUE	NA	NA	NA	NA	NA	NA
NC_001781.1	4081	A	G	2	0	40	8654	722	44	0.999769	8656	0	TRUE	NA	NA	NA	NA	NA	NA
NC_001781.1	4093	C	T	0	0	0	8661	691	44	1	8661	0	TRUE	NA	NA	NA	NA	NA	NA
NC_001781.1	4103	G	A	0	0	0	8625	728	45	1	8625	0	TRUE	NA	NA	NA	NA	NA	NA
NC_001781.1	4153	C	T	3	0	28	8744	640	44	0.999543	8748	0	TRUE	NA	NA	NA	NA	NA	NA
NC_001781.1	4163	A	T	0	0	0	8736	639	43	0.999886	8737	0	TRUE	NA	NA	NA	NA	NA	NA
NC_001781.1	4171	C	T	7	0	40	8407	665	43	0.999168	8414	0	TRUE	NA	NA	NA	NA	NA	NA
NC_001781.1	4179	T	C	2	0	32	8695	878	43	0.999655	8698	0	TRUE	NA	NA	NA	NA	NA	NA
NC_001781.1	4210	C	A	222	2	34	8314	1460	44	0.973878	8537	0	TRUE	NA	NA	NA	NA	NA	NA
NC_001781.1	4212	A	G	224	4	36	8085	1466	43	0.973041	8309	0	TRUE	NA	NA	NA	NA	NA	NA
NC_001781.1	4230	C	T	3	2	53	7337	2975	45	0.999319	7342	0	TRUE	NA	NA	NA	NA	NA	NA
NC_001781.1	4233	T	C	1	1	24	7775	3371	44	0.999871	7776	0	TRUE	NA	NA	NA	NA	NA	NA
NC_001781.1	4247	T	C	0	0	0	8254	3436	45	0.999879	8255	0	TRUE	NA	NA	NA	NA	NA	NA
NC_001781.1	4264	T	C	0	0	0	8329	3379	45	1	8329	0	TRUE	NA	NA	NA	NA	NA	NA
NC_001781.1	4287	T	C	3	1	29	7572	3250	44	0.999472	7576	0	TRUE	NA	NA	NA	NA	NA	NA
NC_001781.1	4289	C	T	1	0	40	7552	3239	44	0.999338	7557	0	TRUE	NA	NA	NA	NA	NA	NA
NC_001781.1	4291	A	G	1	0	32	7633	3272	44	0.999869	7634	0	TRUE	NA	NA	NA	NA	NA	NA
NC_001781.1	4292	T	C	0	0	0	7656	3259	44	0.999869	7657	0	TRUE	NA	NA	NA	NA	NA	NA
NC_001781.1	4311	T	C	1	0	40	8686	3291	44	0.999885	8687	0	TRUE	NA	NA	NA	NA	NA	NA
NC_001781.1	4318	A	G	3	2	34	8557	3318	43	0.999533	8561	0	TRUE	NA	NA	NA	NA	NA	NA
NC_001781.1	4448	C	T	14	0	25	1811	1255	41	0.991242	1827	0	TRUE	NA	NA	NA	NA	NA	NA
NC_001781.1	4455	T	C	7	0	32	70	54	42	0.909091	77	4.76668e-86	TRUE	NA	NA	NA	NA	NA	NA
NC_001781.1	4672	A	G	2	1	23	19	10	43	0.904762	21	3.30791e-15	TRUE	NA	NA	NA	NA	NA	NA
NC_001781.1	4688	C	A	1938	438	52	1017	233	53	0.344162	2955	0	TRUE	NA	NA	NA	NA	NA	NA
NC_001781.1	4689	C	A	1080	267	53	1931	448	53	0.641315	3011	0	TRUE	NA	NA	NA	NA	NA	NA
NC_001781.1	4699	C	A	0	0	0	3205	856	58	1	3205	0	TRUE	NA	NA	NA	NA	NA	NA
NC_001781.1	4749	C	T	25	4	50	6615	1762	58	0.996235	6640	0	TRUE	NA	NA	NA	NA	NA	NA
NC_001781.1	4784	G	A	2	1	40	6416	1667	56	0.999533	6419	0	TRUE	NA	NA	NA	NA	NA	NA
NC_001781.1	4825	C	T	81	0	32	6229	1915	52	0.987163	6310	0	TRUE	NA	NA	NA	NA	NA	NA
NC_001781.1	4851	C	T	0	0	0	5811	2564	51	1	5811	0	TRUE	NA	NA	NA	NA	NA	NA
NC_001781.1	4908	G	T	36	36	36	6803	4290	55	0.994591	6840	0	TRUE	NA	NA	NA	NA	NA	NA
NC_001781.1	4941	A	G	1	1	24	6377	4053	54	0.999686	6379	0	TRUE	NA	NA	NA	NA	NA	NA
NC_001781.1	4950	C	A	1	1	32	6124	3945	54	0.999837	6125	0	TRUE	NA	NA	NA	NA	NA	NA
NC_001781.1	4956	C	T	1	0	35	5748	3879	50	0.999826	5749	0	TRUE	NA	NA	NA	NA	NA	NA
NC_001781.1	4972	C	T	118	0	21	4606	3105	51	0.975021	4724	0	TRUE	NA	NA	NA	NA	NA	NA
NC_001781.1	4987	A	G	2	1	80	3477	2409	50	0.999138	3480	0	TRUE	NA	NA	NA	NA	NA	NA
NC_001781.1	4990	T	C	0	0	0	3464	2420	50	0.999423	3466	0	TRUE	NA	NA	NA	NA	NA	NA
NC_001781.1	5004	T	C	1	0	23	2163	1768	39	0.999538	2164	0	TRUE	NA	NA	NA	NA	NA	NA
NC_001781.1	5008	A	G	5	2	48	1743	1377	42	0.99714	1748	0	TRUE	NA	NA	NA	NA	NA	NA
NC_001781.1	5013	A	T	0	0	0	678	564	43	1	678	0	TRUE	NA	NA	NA	NA	NA	NA
NC_001781.1	5014	T	C	1	0	32	690	575	43	0.998553	691	0	TRUE	NA	NA	NA	NA	NA	NA
NC_001781.1	5031	T	C	0	0	0	632	520	36	1	632	0	TRUE	NA	NA	NA	NA	NA	NA
NC_001781.1	5042	C	T	2	1	26	25	23	25	0.925926	27	4.49772e-27	TRUE	NA	NA	NA	NA	NA	NA
NC_001781.1	5308	A	C	18	1	40	7731	1657	48	0.997548	7750	0	TRUE	NA	NA	NA	NA	NA	NA
NC_001781.1	5310	C	T	2	0	29	7694	1502	47	0.99948	7698	0	TRUE	NA	NA	NA	NA	NA	NA
NC_001781.1	5335	C	T	1	0	24	7846	1650	49	0.999873	7847	0	TRUE	NA	NA	NA	NA	NA	NA
NC_001781.1	5337	A	T	0	0	0	7773	1539	48	0.99769	7791	0	TRUE	NA	NA	NA	NA	NA	NA
NC_001781.1	5345	C	T	33	7	46	7801	1596	49	0.995788	7834	0	TRUE	NA	NA	NA	NA	NA	NA
NC_001781.1	5355	G	A	0	0	0	7829	1628	49	0.999745	7831	0	TRUE	NA	NA	NA	NA	NA	NA
NC_001781.1	5356	A	C	21	6	31	7346	1651	47	0.997149	7367	0	TRUE	NA	NA	NA	NA	NA	NA
NC_001781.1	5357	C	T	16	6	33	7737	1525	48	0.997679	7755	0	TRUE	NA	NA	NA	NA	NA	NA
NC_001781.1	5370	T	C	1	0	38	7222	1261	49	0.999446	7226	0	TRUE	NA	NA	NA	NA	NA	NA
NC_001781.1	5375	C	T	50	9	42	7117	1274	49	0.991916	7175	0	TRUE	NA	NA	NA	NA	NA	NA
NC_001781.1	5376	C	T	60	8	47	7126	1262	49	0.991375	7188	0	TRUE	NA	NA	NA	NA	NA	NA
NC_001781.1	5399	T	C	3	0	40	6020	1166	45	0.99917	6025	0	TRUE	NA	NA	NA	NA	NA	NA
NC_001781.1	5402	C	A	1	0	24	6180	1161	46	0.999838	6181	0	TRUE	NA	NA	NA	NA	NA	NA
NC_001781.1	5406	C	T	42	9	40	6143	1099	47	0.992888	6187	0	TRUE	NA	NA	NA	NA	NA	NA
NC_001781.1	5415	A	G	5955	1006	47	2428	387	40	0.289599	8384	0	TRUE	NA	NA	NA	NA	NA	NA
NC_001781.1	5427	C	T	3220	507	39	4647	773	43	0.59062	7868	0	TRUE	NA	NA	NA	NA	NA	NA
NC_001781.1	5428	T	C	4057	650	41	4693	788	43	0.536159	8753	0	TRUE	NA	NA	NA	NA	NA	NA
NC_001781.1	5441	T	C	3306	499	40	4736	1100	42	0.588762	8044	0	TRUE	NA	NA	NA	NA	NA	NA
NC_001781.1	5458	T	C	516	305	24	7251	1849	44	0.933325	7769	0	TRUE	NA	NA	NA	NA	NA	NA
NC_001781.1	5459	T	C	0	0	0	7288	1858	44	1	7288	0	TRUE	NA	NA	NA	NA	NA	NA
NC_001781.1	5461	G	A	10	9	29	7294	1919	45	0.998221	7307	0	TRUE	NA	NA	NA	NA	NA	NA
NC_001781.1	5466	C	T	4	2	44	7760	2395	45	0.999356	7765	0	TRUE	NA	NA	NA	NA	NA	NA
NC_001781.1	5471	T	C	0	0	0	8473	2412	44	0.999882	8474	0	TRUE	NA	NA	NA	NA	NA	NA
NC_001781.1	5484	C	T	60	6	28	8394	2389	44	0.992903	8454	0	TRUE	NA	NA	NA	NA	NA	NA
NC_001781.1	5498	C	T	12	7	27	8143	2348	44	0.998406	8156	0	TRUE	NA	NA	NA	NA	NA	NA
NC_001781.1	5520	C	T	19	4	28	7502	2305	44	0.997209	7523	0	TRUE	NA	NA	NA	NA	NA	NA
NC_001781.1	5550	T	C	0	0	0	7228	2576	45	1	7228	0	TRUE	NA	NA	NA	NA	NA	NA
NC_001781.1	5562	C	T	31	9	40	3776	1366	44	0.991857	3807	0	TRUE	NA	NA	NA	NA	NA	NA
NC_001781.1	5564	C	T	0	0	0	3778	1354	44	0.999471	3780	0	TRUE	NA	NA	NA	NA	NA	NA
NC_001781.1	5566	C	T	38	14	41	3771	1371	44	0.989764	3810	0	TRUE	NA	NA	NA	NA	NA	NA
NC_001781.1	5571	T	A	0	0	0	3774	1376	44	1	3774	0	TRUE	NA	NA	NA	NA	NA	NA
NC_001781.1	5572	A	C	4	3	25	3747	1389	44	0.998934	3751	0	TRUE	NA	NA	NA	NA	NA	NA
NC_001781.1	5573	C	T	5	3	24	3779	1379	44	0.998679	3784	0	TRUE	NA	NA	NA	NA	NA	NA
NC_001781.1	5577	A	G	0	0	0	3695	1290	43	0.999459	3697	0	TRUE	NA	NA	NA	NA	NA	NA
NC_001781.1	5581	C	T	0	0	0	3794	1378	44	1	3794	0	TRUE	NA	NA	NA	NA	NA	NA
NC_001781.1	5595	C	T	5	3	52	3767	1358	44	0.998145	3774	0	TRUE	NA	NA	NA	NA	NA	NA
NC_001781.1	5616	A	G	0	0	0	174	173	24	1	174	9.1144e-135	TRUE	NA	NA	NA	NA	NA	NA
NC_001781.1	5743	G	A	1	0	80	86	64	46	0.988506	87	2.23348e-57	TRUE	NA	NA	NA	NA	NA	NA
NC_001781.1	5749	A	C	1	0	80	91	67	46	0.98913	92	6.55232e-60	TRUE	NA	NA	NA	NA	NA	NA
NC_001781.1	5755	G	A	2	1	60	91	66	49	0.978495	93	9.89e-59	TRUE	NA	NA	NA	NA	NA	NA
NC_001781.1	5758	G	A	1	0	80	91	68	48	0.98913	92	1.21821e-60	TRUE	NA	NA	NA	NA	NA	NA
NC_001781.1	5764	C	T	1	0	80	92	66	49	0.989247	93	1.00156e-61	TRUE	NA	NA	NA	NA	NA	NA
NC_001781.1	5770	G	A	0	0	0	97	71	49	0.989796	98	2.87043e-65	TRUE	NA	NA	NA	NA	NA	NA
NC_001781.1	5776	T	C	9	5	60	58	32	37	0.865672	67	8.08449e-40	TRUE	NA	NA	NA	NA	NA	NA
NC_001781.1	5790	G	A	1	0	80	94	69	49	0.989474	95	1.87339e-62	TRUE	NA	NA	NA	NA	NA	NA
NC_001781.1	5794	T	C	1	0	80	96	70	49	0.989691	97	3.58803e-63	TRUE	NA	NA	NA	NA	NA	NA
NC_001781.1	5798	T	C	1	0	80	96	71	49	0.989691	97	2.03645e-63	TRUE	NA	NA	NA	NA	NA	NA
NC_001781.1	5807	T	C	1	0	80	96	71	49	0.989691	97	2.03645e-63	TRUE	NA	NA	NA	NA	NA	NA
NC_001781.1	5815	A	T	0	0	0	87	66	47	1	87	5.99062e-58	TRUE	NA	NA	NA	NA	NA	NA
NC_001781.1	5893	A	T	1	1	40	6681	1768	58	0.99985	6682	0	TRUE	NA	NA	NA	NA	NA	NA
NC_001781.1	5935	G	A	1	1	40	5562	1182	51	0.99982	5563	0	TRUE	NA	NA	NA	NA	NA	NA
NC_001781.1	5938	A	T	6	6	40	5617	1137	51	0.998755	5624	0	TRUE	NA	NA	NA	NA	NA	NA
NC_001781.1	5948	C	T	8	0	31	6824	1348	42	0.998683	6833	0	TRUE	NA	NA	NA	NA	NA	NA
NC_001781.1	5973	C	T	2	1	32	7140	1917	47	0.99958	7143	0	TRUE	NA	NA	NA	NA	NA	NA
NC_001781.1	5974	C	T	1	0	24	7173	1932	48	0.999861	7174	0	TRUE	NA	NA	NA	NA	NA	NA
NC_001781.1	6163	G	A	4824	2459	56	1542	717	51	0.242186	6367	0	TRUE	NA	NA	NA	NA	NA	NA
NC_001781.1	6171	A	G	4798	2602	57	1353	646	53	0.219893	6153	0	TRUE	NA	NA	NA	NA	NA	NA
NC_001781.1	6176	T	C	4400	2399	47	1403	698	53	0.241771	5803	0	TRUE	NA	NA	NA	NA	NA	NA
NC_001781.1	6178	G	A	2256	1139	24	1409	700	53	0.384447	3665	0	TRUE	NA	NA	NA	NA	NA	NA
NC_001781.1	6178	G	-T	2256	1139	24	5172	0	20	0.605692	8539	0	TRUE	NA	NA	NA	NA	NA	NA
NC_001781.1	6179	T	C	0	0	0	1398	698	53	0.999285	1399	0	TRUE	NA	NA	NA	NA	NA	NA
NC_001781.1	6184	T	C	1660	836	21	1385	693	53	0.454695	3046	0	TRUE	NA	NA	NA	NA	NA	NA
NC_001781.1	6184	T	+A	1660	836	21	5166	0	20	0.725766	7118	0	TRUE	NA	NA	NA	NA	NA	NA
NC_001781.1	6193	A	G	3420	1911	60	1240	637	51	0.265923	4663	0	TRUE	NA	NA	NA	NA	NA	NA
NC_001781.1	6205	T	C	3095	1763	60	1379	713	53	0.308156	4475	0	TRUE	NA	NA	NA	NA	NA	NA
NC_001781.1	6206	C	T	2986	1661	61	1374	701	53	0.315138	4360	0	TRUE	NA	NA	NA	NA	NA	NA
NC_001781.1	6211	A	T	2782	1533	58	1364	703	53	0.328675	4150	0	TRUE	NA	NA	NA	NA	NA	NA
NC_001781.1	6217	G	A	1226	696	55	1381	701	54	0.529728	2607	0	TRUE	NA	NA	NA	NA	NA	NA
NC_001781.1	6226	T	C	9	4	64	2196	1159	55	0.995467	2206	0	TRUE	NA	NA	NA	NA	NA	NA
NC_001781.1	6238	A	G	30	9	41	73	1	39	0.708738	103	8.53643e-35	TRUE	NA	NA	NA	NA	NA	NA
NC_001781.1	6247	T	C	29	9	59	53	1	35	0.646341	82	2.9817e-27	TRUE	NA	NA	NA	NA	NA	NA
NC_001781.1	6259	C	T	0	0	0	33	11	60	1	33	4.06394e-24	TRUE	NA	NA	NA	NA	NA	NA
NC_001781.1	6265	T	C	1	1	24	33	11	61	0.970588	34	3.23342e-23	TRUE	NA	NA	NA	NA	NA	NA
NC_001781.1	6280	C	T	0	0	0	38	14	63	1	38	4.61665e-28	TRUE	NA	NA	NA	NA	NA	NA
NC_001781.1	6283	A	G	0	0	0	38	14	62	1	38	1.1001e-28	TRUE	NA	NA	NA	NA	NA	NA
NC_001781.1	6291	A	G	0	0	0	39	14	63	1	39	2.6136e-29	TRUE	NA	NA	NA	NA	NA	NA
NC_001781.1	6297	G	A	0	0	0	40	14	63	1	40	1.00523e-29	TRUE	NA	NA	NA	NA	NA	NA
NC_001781.1	6298	C	T	0	0	0	39	15	62	1	39	2.6136e-29	TRUE	NA	NA	NA	NA	NA	NA
NC_001781.1	6307	C	A	0	0	0	41	16	65	1	41	3.60428e-31	TRUE	NA	NA	NA	NA	NA	NA
NC_001781.1	6319	A	G	0	0	0	32	17	64	1	32	1.03446e-23	TRUE	NA	NA	NA	NA	NA	NA
NC_001781.1	6337	G	A	0	0	0	28	16	60	1	28	5.96023e-20	TRUE	NA	NA	NA	NA	NA	NA
NC_001781.1	6366	A	C	0	0	0	27	17	55	1	27	4.08031e-19	TRUE	NA	NA	NA	NA	NA	NA
NC_001781.1	6376	C	T	0	0	0	29	16	58	1	29	1.46068e-20	TRUE	NA	NA	NA	NA	NA	NA
NC_001781.1	6397	A	G	0	0	0	26	14	55	0.962963	27	3.69912e-19	TRUE	NA	NA	NA	NA	NA	NA
NC_001781.1	6445	G	A	1	0	40	7060	1643	55	0.999858	7061	0	TRUE	NA	NA	NA	NA	NA	NA
NC_001781.1	6508	A	G	3	1	53	6895	1469	48	0.999131	6901	0	TRUE	NA	NA	NA	NA	NA	NA
NC_001781.1	6592	A	T	1	0	40	8180	2653	47	0.999511	8184	0	TRUE	NA	NA	NA	NA	NA	NA
NC_001781.1	6628	A	T	0	0	0	7827	2275	44	0.999489	7831	0	TRUE	NA	NA	NA	NA	NA	NA
NC_001781.1	6727	G	A	81	80	36	7003	1682	45	0.988287	7086	0	TRUE	NA	NA	NA	NA	NA	NA
NC_001781.1	6808	T	C	398	257	47	267	133	41	0.4003	667	4.52125e-113	TRUE	NA	NA	NA	NA	NA	NA
NC_001781.1	6811	T	C	225	162	48	270	129	41	0.545455	495	8.26533e-123	TRUE	NA	NA	NA	NA	NA	NA
NC_001781.1	6816	C	T	1	1	36	280	139	41	0.996441	281	2.53486e-180	TRUE	NA	NA	NA	NA	NA	NA
NC_001781.1	6829	T	C	0	0	0	440	202	45	1	440	9.51007e-295	TRUE	NA	NA	NA	NA	NA	NA
NC_001781.1	6830	T	C	0	0	0	445	204	46	1	445	9.25775e-297	TRUE	NA	NA	NA	NA	NA	NA
NC_001781.1	6835	G	A	0	0	0	450	210	46	1	450	2.63155e-300	TRUE	NA	NA	NA	NA	NA	NA
NC_001781.1	6841	C	T	8	5	49	448	196	46	0.982456	456	2.83273e-308	TRUE	NA	NA	NA	NA	NA	NA
NC_001781.1	6856	A	T	6	3	72	509	256	50	0.98835	515	0	TRUE	NA	NA	NA	NA	NA	NA
NC_001781.1	6869	A	G	28	24	40	398	168	42	0.934272	426	2.4201e-293	TRUE	NA	NA	NA	NA	NA	NA
NC_001781.1	6880	A	C	0	0	0	438	284	54	1	438	0	TRUE	NA	NA	NA	NA	NA	NA
NC_001781.1	6883	A	T	0	0	0	440	283	55	0.997732	441	0	TRUE	NA	NA	NA	NA	NA	NA
NC_001781.1	6889	T	A	0	0	0	437	280	55	1	437	4.58646e-314	TRUE	NA	NA	NA	NA	NA	NA
NC_001781.1	6892	T	C	0	0	0	436	281	54	1	436	1.12615e-313	TRUE	NA	NA	NA	NA	NA	NA
NC_001781.1	6895	T	A	0	0	0	438	286	54	1	438	1.87045e-314	TRUE	NA	NA	NA	NA	NA	NA
NC_001781.1	6901	T	C	0	0	0	426	273	54	1	426	4.51204e-309	TRUE	NA	NA	NA	NA	NA	NA
NC_001781.1	6904	A	T	0	0	0	432	280	55	0.997691	433	6.9679e-312	TRUE	NA	NA	NA	NA	NA	NA
NC_001781.1	6919	T	C	7	5	41	467	292	53	0.985232	474	0	TRUE	NA	NA	NA	NA	NA	NA
NC_001781.1	6925	T	C	0	0	0	474	309	54	1	474	0	TRUE	NA	NA	NA	NA	NA	NA
NC_001781.1	6931	C	T	0	0	0	403	306	47	1	403	8.5149e-282	TRUE	NA	NA	NA	NA	NA	NA
NC_001781.1	6934	T	A	0	0	0	399	304	47	1	399	1.47183e-273	TRUE	NA	NA	NA	NA	NA	NA
NC_001781.1	6940	C	A	1	1	24	356	261	48	0.997199	357	1.33885e-241	TRUE	NA	NA	NA	NA	NA	NA
NC_001781.1	6943	C	T	0	0	0	354	259	49	1	354	6.21756e-243	TRUE	NA	NA	NA	NA	NA	NA
NC_001781.1	6958	T	C	5	4	49	320	231	45	0.984615	325	7.5042e-214	TRUE	NA	NA	NA	NA	NA	NA
NC_001781.1	6970	T	C	12	10	57	266	211	44	0.956835	278	9.25124e-169	TRUE	NA	NA	NA	NA	NA	NA
NC_001781.1	6979	T	G	0	0	0	263	217	46	1	263	7.21727e-177	TRUE	NA	NA	NA	NA	NA	NA
NC_001781.1	6985	C	T	0	0	0	245	194	45	1	245	1.11437e-165	TRUE	NA	NA	NA	NA	NA	NA
NC_001781.1	6991	G	A	0	0	0	226	184	45	1	226	7.85489e-150	TRUE	NA	NA	NA	NA	NA	NA
NC_001781.1	6997	C	T	1	0	24	26	26	38	0.962963	27	1.53155e-18	TRUE	NA	NA	NA	NA	NA	NA
NC_001781.1	7000	A	G	0	0	0	29	29	37	1	29	1.26797e-19	TRUE	NA	NA	NA	NA	NA	NA
NC_001781.1	7003	A	G	0	0	0	28	28	39	1	28	2.61483e-16	TRUE	NA	NA	NA	NA	NA	NA
NC_001781.1	7006	A	G	0	0	0	28	28	40	1	28	2.61483e-16	TRUE	NA	NA	NA	NA	NA	NA
NC_001781.1	7060	G	A	11	10	36	4109	994	55	0.997088	4121	0	TRUE	NA	NA	NA	NA	NA	NA
NC_001781.1	7162	C	T	4	0	27	7329	1714	52	0.999455	7333	0	TRUE	NA	NA	NA	NA	NA	NA
NC_001781.1	7192	T	C	4	1	25	7431	1831	48	0.999328	7436	0	TRUE	NA	NA	NA	NA	NA	NA
NC_001781.1	7202	C	T	9	0	30	6960	2074	47	0.998422	6971	0	TRUE	NA	NA	NA	NA	NA	NA
NC_001781.1	7222	C	A	3	2	23	6741	2584	46	0.999407	6745	0	TRUE	NA	NA	NA	NA	NA	NA
NC_001781.1	7250	A	G	1	1	40	7938	3525	48	0.999874	7939	0	TRUE	NA	NA	NA	NA	NA	NA
NC_001781.1	7303	G	A	1	1	24	7768	3462	46	0.999871	7769	0	TRUE	NA	NA	NA	NA	NA	NA
NC_001781.1	7340	C	T	3	0	27	7744	2983	46	0.999355	7749	0	TRUE	NA	NA	NA	NA	NA	NA
NC_001781.1	7414	T	C	1	1	80	2000	927	46	0.9995	2001	0	TRUE	NA	NA	NA	NA	NA	NA
NC_001781.1	7423	G	A	1	1	40	704	578	38	0.998582	705	0	TRUE	NA	NA	NA	NA	NA	NA
NC_001781.1	7680	T	C	1	0	40	7653	3324	50	0.999869	7654	0	TRUE	NA	NA	NA	NA	NA	NA
NC_001781.1	7719	C	A	0	0	0	7712	3367	51	0.999741	7714	0	TRUE	NA	NA	NA	NA	NA	NA
NC_001781.1	7722	A	G	1	0	40	7689	3352	51	0.99987	7690	0	TRUE	NA	NA	NA	NA	NA	NA
NC_001781.1	7773	A	G	22	10	50	8038	2546	48	0.99727	8060	0	TRUE	NA	NA	NA	NA	NA	NA
NC_001781.1	7815	G	T	1	0	40	5913	1943	44	0.999493	5916	0	TRUE	NA	NA	NA	NA	NA	NA
NC_001781.1	7818	C	T	8	3	28	5557	2005	46	0.998204	5567	0	TRUE	NA	NA	NA	NA	NA	NA
NC_001781.1	7863	T	C	468	35	38	7815	2710	46	0.943499	8283	0	TRUE	NA	NA	NA	NA	NA	NA
NC_001781.1	7938	T	C	7339	2093	42	1839	724	38	0.200327	9180	0	TRUE	NA	NA	NA	NA	NA	NA
NC_001781.1	7941	T	C	6390	1419	42	1847	733	38	0.224123	8241	0	TRUE	NA	NA	NA	NA	NA	NA
NC_001781.1	7950	T	C	6477	1544	44	1790	689	37	0.216314	8275	0	TRUE	NA	NA	NA	NA	NA	NA
NC_001781.1	7956	G	A	6560	1682	44	2035	932	38	0.236683	8598	0	TRUE	NA	NA	NA	NA	NA	NA
NC_001781.1	7959	G	A	6526	1750	45	2127	1004	39	0.245782	8654	0	TRUE	NA	NA	NA	NA	NA	NA
NC_001781.1	7962	A	G	6629	1812	45	2111	996	39	0.241533	8740	0	TRUE	NA	NA	NA	NA	NA	NA
NC_001781.1	7965	T	C	6379	1591	45	2130	1007	39	0.250294	8510	0	TRUE	NA	NA	NA	NA	NA	NA
NC_001781.1	7974	A	G	5172	1639	47	1857	707	37	0.264116	7031	0	TRUE	NA	NA	NA	NA	NA	NA
NC_001781.1	7977	C	A	5155	1641	47	2199	1051	39	0.299021	7354	0	TRUE	NA	NA	NA	NA	NA	NA
NC_001781.1	7980	T	C	5246	1646	48	2206	1055	39	0.295988	7453	0	TRUE	NA	NA	NA	NA	NA	NA
NC_001781.1	7986	T	C	6091	1753	48	2201	1049	39	0.265245	8298	0	TRUE	NA	NA	NA	NA	NA	NA
NC_001781.1	7989	G	A	6138	1794	48	2193	1037	39	0.263234	8331	0	TRUE	NA	NA	NA	NA	NA	NA
NC_001781.1	7990	A	G	6112	1810	48	2126	979	38	0.25801	8240	0	TRUE	NA	NA	NA	NA	NA	NA
NC_001781.1	8010	T	C	3715	1381	50	3119	1270	42	0.456261	6836	0	TRUE	NA	NA	NA	NA	NA	NA
NC_001781.1	8019	C	T	2857	1237	53	3583	1961	42	0.55628	6441	0	TRUE	NA	NA	NA	NA	NA	NA
NC_001781.1	8022	T	C	3484	1874	42	2373	1091	54	0.405087	5858	0	TRUE	NA	NA	NA	NA	NA	NA
NC_001781.1	8025	G	A	2366	1094	54	3429	1877	42	0.591717	5795	0	TRUE	NA	NA	NA	NA	NA	NA
NC_001781.1	8031	T	C	1844	760	55	2842	1626	42	0.605841	4691	0	TRUE	NA	NA	NA	NA	NA	NA
NC_001781.1	8034	A	G	1710	803	54	2858	1763	43	0.625657	4568	0	TRUE	NA	NA	NA	NA	NA	NA
NC_001781.1	8037	A	G	1633	767	54	2832	1745	43	0.634267	4465	0	TRUE	NA	NA	NA	NA	NA	NA
NC_001781.1	8043	C	T	1065	518	57	5268	4163	41	0.831439	6336	0	TRUE	NA	NA	NA	NA	NA	NA
NC_001781.1	8046	G	A	1054	520	57	5323	4226	41	0.834719	6377	0	TRUE	NA	NA	NA	NA	NA	NA
NC_001781.1	8052	A	T	0	0	0	7229	6141	41	0.973472	7426	0	TRUE	NA	NA	NA	NA	NA	NA
NC_001781.1	8062	C	T	3	1	29	8726	7656	40	0.999313	8732	0	TRUE	NA	NA	NA	NA	NA	NA
NC_001781.1	8064	C	A	0	0	0	8890	7810	40	0.999775	8892	0	TRUE	NA	NA	NA	NA	NA	NA
NC_001781.1	8071	C	T	1	0	21	8660	7676	40	0.999654	8663	0	TRUE	NA	NA	NA	NA	NA	NA
NC_001781.1	8073	A	G	2	2	40	8653	7763	40	0.999769	8655	0	TRUE	NA	NA	NA	NA	NA	NA
NC_001781.1	8085	G	A	2	2	32	9569	8658	41	0.999791	9571	0	TRUE	NA	NA	NA	NA	NA	NA
NC_001781.1	8086	C	T	1	1	40	9352	8438	40	0.999466	9357	0	TRUE	NA	NA	NA	NA	NA	NA
NC_001781.1	8094	G	A	6	2	29	9497	8628	40	0.999369	9503	0	TRUE	NA	NA	NA	NA	NA	NA
NC_001781.1	8097	A	C	1	1	40	9473	8582	40	0.999789	9475	0	TRUE	NA	NA	NA	NA	NA	NA
NC_001781.1	8100	A	C	9	9	35	9431	8538	40	0.999047	9440	0	TRUE	NA	NA	NA	NA	NA	NA
NC_001781.1	8112	A	G	10	6	46	9253	8506	40	0.998813	9264	0	TRUE	NA	NA	NA	NA	NA	NA
NC_001781.1	8124	A	G	3	1	34	8699	8126	39	0.99954	8703	0	TRUE	NA	NA	NA	NA	NA	NA
NC_001781.1	8132	T	C	1	1	24	917	891	38	0.998911	918	0	TRUE	NA	NA	NA	NA	NA	NA
NC_001781.1	8136	A	C	1	1	40	913	895	38	0.998906	914	0	TRUE	NA	NA	NA	NA	NA	NA
NC_001781.1	8138	G	A	1	1	40	915	897	39	0.997819	917	0	TRUE	NA	NA	NA	NA	NA	NA
NC_001781.1	8139	C	T	1	1	40	914	898	39	0.998907	915	0	TRUE	NA	NA	NA	NA	NA	NA
NC_001781.1	8151	G	A	4	4	46	887	878	38	0.995511	891	0	TRUE	NA	NA	NA	NA	NA	NA
NC_001781.1	8157	C	T	2	2	60	874	873	39	0.997717	876	0	TRUE	NA	NA	NA	NA	NA	NA
NC_001781.1	8160	G	T	0	0	0	872	871	39	0.998855	873	0	TRUE	NA	NA	NA	NA	NA	NA
NC_001781.1	8162	A	G	0	0	0	869	868	39	1	869	0	TRUE	NA	NA	NA	NA	NA	NA
NC_001781.1	8167	C	A	1	1	80	868	867	39	0.998849	869	0	TRUE	NA	NA	NA	NA	NA	NA
NC_001781.1	8168	A	C	2	2	56	877	876	39	0.997725	879	0	TRUE	NA	NA	NA	NA	NA	NA
NC_001781.1	8169	A	G	3	3	51	876	875	39	0.996587	879	0	TRUE	NA	NA	NA	NA	NA	NA
NC_001781.1	8172	T	C	2	2	80	878	877	39	0.997727	880	0	TRUE	NA	NA	NA	NA	NA	NA
NC_001781.1	8178	A	T	2	2	80	871	870	39	0.997709	873	0	TRUE	NA	NA	NA	NA	NA	NA
NC_001781.1	8179	A	G	2	2	80	872	871	39	0.997712	874	0	TRUE	NA	NA	NA	NA	NA	NA
NC_001781.1	8195	T	C	1	1	52	875	874	39	0.998858	876	0	TRUE	NA	NA	NA	NA	NA	NA
NC_001781.1	8200	G	T	2	2	52	859	858	38	0.997677	861	0	TRUE	NA	NA	NA	NA	NA	NA
NC_001781.1	8203	T	C	1	1	80	874	873	39	0.998857	875	0	TRUE	NA	NA	NA	NA	NA	NA
NC_001781.1	8302	G	A	72	72	38	1377	442	63	0.950311	1449	0	TRUE	NA	NA	NA	NA	NA	NA
NC_001781.1	8315	C	T	0	0	0	1839	595	63	1	1839	0	TRUE	NA	NA	NA	NA	NA	NA
NC_001781.1	8316	G	T	0	0	0	1841	597	63	1	1841	0	TRUE	NA	NA	NA	NA	NA	NA
NC_001781.1	8327	A	C	0	0	0	2169	822	68	0.999539	2170	0	TRUE	NA	NA	NA	NA	NA	NA
NC_001781.1	8359	A	G	2	0	32	3914	1485	60	0.999489	3916	0	TRUE	NA	NA	NA	NA	NA	NA
NC_001781.1	8423	A	G	0	0	0	4753	1749	57	0.99979	4754	0	TRUE	NA	NA	NA	NA	NA	NA
NC_001781.1	8450	G	A	0	0	0	4879	1689	57	0.999795	4880	0	TRUE	NA	NA	NA	NA	NA	NA
NC_001781.1	8451	C	T	1	0	24	4903	1677	57	0.999592	4905	0	TRUE	NA	NA	NA	NA	NA	NA
NC_001781.1	8465	T	C	0	0	0	5508	2325	61	1	5508	0	TRUE	NA	NA	NA	NA	NA	NA
NC_001781.1	8478	T	C	0	0	0	5542	2400	62	1	5542	0	TRUE	NA	NA	NA	NA	NA	NA
NC_001781.1	8484	T	C	1	1	40	5376	2374	61	0.999814	5377	0	TRUE	NA	NA	NA	NA	NA	NA
NC_001781.1	8485	A	G	0	0	0	5378	2313	60	1	5378	0	TRUE	NA	NA	NA	NA	NA	NA
NC_001781.1	8487	C	T	0	0	0	5397	2379	61	1	5397	0	TRUE	NA	NA	NA	NA	NA	NA
NC_001781.1	8495	G	A	58	57	38	5705	2720	64	0.989936	5763	0	TRUE	NA	NA	NA	NA	NA	NA
NC_001781.1	8523	T	C	1409	444	39	5249	2661	61	0.788256	6659	0	TRUE	NA	NA	NA	NA	NA	NA
NC_001781.1	8525	A	G	5269	2667	61	1413	445	39	0.211464	6682	0	TRUE	NA	NA	NA	NA	NA	NA
NC_001781.1	8531	A	G	1704	458	39	5054	2552	61	0.747854	6758	0	TRUE	NA	NA	NA	NA	NA	NA
NC_001781.1	8532	C	T	5084	2579	61	1723	465	39	0.253122	6807	0	TRUE	NA	NA	NA	NA	NA	NA
NC_001781.1	8544	G	T	1	1	27	2109	590	39	0.324063	6508	0	TRUE	NA	NA	NA	NA	NA	NA
NC_001781.1	8544	G	A	1	1	27	4398	2300	57	0.675784	6508	0	TRUE	NA	NA	NA	NA	NA	NA
NC_001781.1	8563	T	C	4477	1118	41	3475	1756	54	0.436942	7953	0	TRUE	NA	NA	NA	NA	NA	NA
NC_001781.1	8577	C	T	3011	1932	48	5465	1413	40	0.644686	8477	0	TRUE	NA	NA	NA	NA	NA	NA
NC_001781.1	8583	T	C	2885	1856	48	5532	1450	40	0.657085	8419	0	TRUE	NA	NA	NA	NA	NA	NA
NC_001781.1	8595	T	C	2850	1839	46	6014	1626	41	0.678475	8864	0	TRUE	NA	NA	NA	NA	NA	NA
NC_001781.1	8604	G	A	2467	1541	43	5847	1641	41	0.701079	8340	0	TRUE	NA	NA	NA	NA	NA	NA
NC_001781.1	8611	C	A	1693	980	44	5484	1617	41	0.764108	7177	0	TRUE	NA	NA	NA	NA	NA	NA
NC_001781.1	8613	T	A	1534	848	44	5510	1621	41	0.782115	7045	0	TRUE	NA	NA	NA	NA	NA	NA
NC_001781.1	8616	T	C	1496	826	45	5524	1615	41	0.786111	7027	0	TRUE	NA	NA	NA	NA	NA	NA
NC_001781.1	8617	A	G	1501	833	45	5524	1623	41	0.786335	7025	0	TRUE	NA	NA	NA	NA	NA	NA
NC_001781.1	8619	C	T	1345	826	42	5547	1628	41	0.804613	6894	0	TRUE	NA	NA	NA	NA	NA	NA
NC_001781.1	8622	C	T	1355	747	44	5813	1726	40	0.810965	7168	0	TRUE	NA	NA	NA	NA	NA	NA
NC_001781.1	8631	C	A	2	0	32	8077	1759	40	0.898043	8994	0	TRUE	NA	NA	NA	NA	NA	NA
NC_001781.1	8643	C	T	1	1	40	9245	2454	41	0.999676	9248	0	TRUE	NA	NA	NA	NA	NA	NA
NC_001781.1	8666	G	A	269	113	49	6215	2242	40	0.958513	6484	0	TRUE	NA	NA	NA	NA	NA	NA
NC_001781.1	8671	C	T	204	76	50	6048	2169	40	0.96737	6252	0	TRUE	NA	NA	NA	NA	NA	NA
NC_001781.1	8674	C	A	2	0	25	6139	2278	40	0.999674	6141	0	TRUE	NA	NA	NA	NA	NA	NA
NC_001781.1	8679	G	A	71	71	39	6085	2249	40	0.988467	6156	0	TRUE	NA	NA	NA	NA	NA	NA
NC_001781.1	8682	T	C	76	76	39	6013	2218	40	0.987518	6089	0	TRUE	NA	NA	NA	NA	NA	NA
NC_001781.1	8685	G	A	16	13	38	6073	2247	40	0.997372	6089	0	TRUE	NA	NA	NA	NA	NA	NA
NC_001781.1	8691	T	A	3	0	36	7045	2194	40	0.999574	7048	0	TRUE	NA	NA	NA	NA	NA	NA
NC_001781.1	8694	A	G	9	6	40	7035	2201	39	0.998722	7044	0	TRUE	NA	NA	NA	NA	NA	NA
NC_001781.1	8702	C	A	1	1	40	9647	2197	40	0.999896	9648	0	TRUE	NA	NA	NA	NA	NA	NA
NC_001781.1	8715	A	C	3	0	24	9211	2015	39	0.999674	9214	0	TRUE	NA	NA	NA	NA	NA	NA
NC_001781.1	8726	G	A	0	0	0	7988	1763	39	1	7988	0	TRUE	NA	NA	NA	NA	NA	NA
NC_001781.1	8727	A	G	0	0	0	8006	1735	39	0.99975	8008	0	TRUE	NA	NA	NA	NA	NA	NA
NC_001781.1	8743	C	A	0	0	0	9392	3402	40	0.999787	9394	0	TRUE	NA	NA	NA	NA	NA	NA
NC_001781.1	8745	G	A	0	0	0	9426	3428	40	1	9426	0	TRUE	NA	NA	NA	NA	NA	NA
NC_001781.1	8749	T	A	0	0	0	9413	3405	40	1	9413	0	TRUE	NA	NA	NA	NA	NA	NA
NC_001781.1	8760	A	T	0	0	0	9283	3406	39	1	9283	0	TRUE	NA	NA	NA	NA	NA	NA
NC_001781.1	8766	T	C	195	97	36	7782	3273	39	0.975555	7977	0	TRUE	NA	NA	NA	NA	NA	NA
NC_001781.1	8769	C	T	197	98	30	7736	3249	39	0.975167	7933	0	TRUE	NA	NA	NA	NA	NA	NA
NC_001781.1	8790	T	C	0	0	0	2428	2207	39	1	2428	0	TRUE	NA	NA	NA	NA	NA	NA
NC_001781.1	8793	A	G	5	1	36	2400	2193	38	0.997921	2405	0	TRUE	NA	NA	NA	NA	NA	NA
NC_001781.1	8796	C	T	1	1	24	2328	2123	39	0.999571	2329	0	TRUE	NA	NA	NA	NA	NA	NA
NC_001781.1	8800	T	A	1	0	40	2364	2145	39	0.999577	2365	0	TRUE	NA	NA	NA	NA	NA	NA
NC_001781.1	8808	T	A	0	0	0	1970	1807	38	0.998986	1972	0	TRUE	NA	NA	NA	NA	NA	NA
NC_001781.1	8937	T	C	0	0	0	2653	792	56	1	2653	0	TRUE	NA	NA	NA	NA	NA	NA
NC_001781.1	8970	T	C	0	0	0	4626	2268	60	0.999568	4628	0	TRUE	NA	NA	NA	NA	NA	NA
NC_001781.1	8991	T	C	1	0	80	5766	2664	58	0.953531	6047	0	TRUE	NA	NA	NA	NA	NA	NA
NC_001781.1	8994	G	A	67	67	39	5867	2479	60	0.988043	5938	0	TRUE	NA	NA	NA	NA	NA	NA
NC_001781.1	9005	G	A	52	51	39	6033	2698	62	0.991454	6085	0	TRUE	NA	NA	NA	NA	NA	NA
NC_001781.1	9030	C	T	43	43	28	6205	2831	62	0.992959	6249	0	TRUE	NA	NA	NA	NA	NA	NA
NC_001781.1	9037	C	T	3	0	26	6184	2888	62	0.999515	6187	0	TRUE	NA	NA	NA	NA	NA	NA
NC_001781.1	9059	C	A	62	5	34	5761	2737	61	0.989353	5823	0	TRUE	NA	NA	NA	NA	NA	NA
NC_001781.1	9075	C	T	4899	2799	55	1573	83	36	0.243047	6472	0	TRUE	NA	NA	NA	NA	NA	NA
NC_001781.1	9076	T	A	4820	2722	54	1574	89	36	0.246091	6396	0	TRUE	NA	NA	NA	NA	NA	NA
NC_001781.1	9078	G	A	1922	185	38	4463	2553	54	0.698873	6386	0	TRUE	NA	NA	NA	NA	NA	NA
NC_001781.1	9081	A	G	4456	2589	53	1929	226	38	0.302114	6385	0	TRUE	NA	NA	NA	NA	NA	NA
NC_001781.1	9084	A	G	3094	1210	34	4401	2618	53	0.587191	7495	0	TRUE	NA	NA	NA	NA	NA	NA
NC_001781.1	9087	G	A	4482	2711	53	3321	1252	40	0.425606	7803	0	TRUE	NA	NA	NA	NA	NA	NA
NC_001781.1	9096	A	G	3881	2385	53	4171	1383	40	0.518008	8052	0	TRUE	NA	NA	NA	NA	NA	NA
NC_001781.1	9126	C	T	0	0	0	8792	2655	44	0.999886	8793	0	TRUE	NA	NA	NA	NA	NA	NA
NC_001781.1	9132	C	T	0	0	0	8808	2669	44	1	8808	0	TRUE	NA	NA	NA	NA	NA	NA
NC_001781.1	9141	T	C	0	0	0	8686	2628	43	0.999885	8687	0	TRUE	NA	NA	NA	NA	NA	NA
NC_001781.1	9153	T	C	0	0	0	8544	2657	44	0.999883	8545	0	TRUE	NA	NA	NA	NA	NA	NA
NC_001781.1	9155	A	G	3	3	23	8584	2671	44	0.999651	8587	0	TRUE	NA	NA	NA	NA	NA	NA
NC_001781.1	9177	A	T	0	0	0	7990	2856	44	0.99975	7992	0	TRUE	NA	NA	NA	NA	NA	NA
NC_001781.1	9179	A	G	0	0	0	7962	2791	43	0.999874	7963	0	TRUE	NA	NA	NA	NA	NA	NA
NC_001781.1	9191	G	A	2	0	44	7793	3599	43	0.999487	7797	0	TRUE	NA	NA	NA	NA	NA	NA
NC_001781.1	9192	T	C	3	3	34	7510	3554	42	0.995229	7546	0	TRUE	NA	NA	NA	NA	NA	NA
NC_001781.1	9198	G	T	2	2	24	8790	4634	43	0.999431	8795	0	TRUE	NA	NA	NA	NA	NA	NA
NC_001781.1	9207	A	G	0	0	0	8353	4541	43	1	8353	0	TRUE	NA	NA	NA	NA	NA	NA
NC_001781.1	9219	A	T	0	0	0	5896	4313	40	1	5896	0	TRUE	NA	NA	NA	NA	NA	NA
NC_001781.1	9223	T	C	1	1	24	5796	4243	40	0.999827	5797	0	TRUE	NA	NA	NA	NA	NA	NA
NC_001781.1	9225	A	T	0	0	0	5807	4251	40	1	5807	0	TRUE	NA	NA	NA	NA	NA	NA
NC_001781.1	9231	T	A	1	1	40	4626	3092	41	0.999784	4627	0	TRUE	NA	NA	NA	NA	NA	NA
NC_001781.1	9234	T	C	0	0	0	4605	3073	41	1	4605	0	TRUE	NA	NA	NA	NA	NA	NA
NC_001781.1	9237	G	A	2	2	32	4583	3058	41	0.999346	4586	0	TRUE	NA	NA	NA	NA	NA	NA
NC_001781.1	9246	A	G	0	0	0	7851	6427	41	0.999618	7854	0	TRUE	NA	NA	NA	NA	NA	NA
NC_001781.1	9264	C	A	17	0	31	6885	6719	40	0.997392	6903	0	TRUE	NA	NA	NA	NA	NA	NA
NC_001781.1	9276	A	G	1	1	40	6768	6638	39	0.999852	6769	0	TRUE	NA	NA	NA	NA	NA	NA
NC_001781.1	9278	G	A	1	1	27	6767	6638	39	0.999852	6768	0	TRUE	NA	NA	NA	NA	NA	NA
NC_001781.1	9287	A	G	1	1	40	4642	4607	39	0.999785	4643	0	TRUE	NA	NA	NA	NA	NA	NA
NC_001781.1	9291	C	T	0	0	0	4680	4644	39	1	4680	0	TRUE	NA	NA	NA	NA	NA	NA
NC_001781.1	9294	A	T	0	0	0	4655	4620	39	1	4655	0	TRUE	NA	NA	NA	NA	NA	NA
NC_001781.1	9295	A	G	1	1	40	4588	4551	39	0.999347	4591	0	TRUE	NA	NA	NA	NA	NA	NA
NC_001781.1	9296	C	T	4	4	24	4557	4521	38	0.999123	4561	0	TRUE	NA	NA	NA	NA	NA	NA
NC_001781.1	9297	T	G	0	0	0	4631	4595	39	0.999784	4632	0	TRUE	NA	NA	NA	NA	NA	NA
NC_001781.1	9300	T	A	0	0	0	4633	4599	39	1	4633	0	TRUE	NA	NA	NA	NA	NA	NA
NC_001781.1	9306	C	T	0	0	0	4993	4957	38	0.9996	4995	0	TRUE	NA	NA	NA	NA	NA	NA
NC_001781.1	9315	T	C	0	0	0	9504	9460	39	0.999895	9505	0	TRUE	NA	NA	NA	NA	NA	NA
NC_001781.1	9318	A	G	0	0	0	9541	9495	39	1	9541	0	TRUE	NA	NA	NA	NA	NA	NA
NC_001781.1	9330	C	T	1	1	24	9526	9479	39	0.99979	9528	0	TRUE	NA	NA	NA	NA	NA	NA
NC_001781.1	9333	C	T	2	2	32	9544	9497	39	0.99979	9546	0	TRUE	NA	NA	NA	NA	NA	NA
NC_001781.1	9342	C	T	5	2	52	9532	9505	39	0.999266	9539	0	TRUE	NA	NA	NA	NA	NA	NA
NC_001781.1	9357	C	T	0	0	0	8455	8414	39	1	8455	0	TRUE	NA	NA	NA	NA	NA	NA
NC_001781.1	9360	A	G	0	0	0	8536	8494	39	1	8536	0	TRUE	NA	NA	NA	NA	NA	NA
NC_001781.1	9366	T	A	0	0	0	8514	8475	39	0.999883	8515	0	TRUE	NA	NA	NA	NA	NA	NA
NC_001781.1	9372	A	T	0	0	0	8442	8403	39	0.999053	8450	0	TRUE	NA	NA	NA	NA	NA	NA
NC_001781.1	9387	T	C	7	4	57	6099	6080	39	0.998854	6106	0	TRUE	NA	NA	NA	NA	NA	NA
NC_001781.1	9396	T	C	3	3	34	4858	4837	39	0.999383	4861	0	TRUE	NA	NA	NA	NA	NA	NA
NC_001781.1	9408	G	C	0	0	0	159	157	39	1	159	5.33447e-96	TRUE	NA	NA	NA	NA	NA	NA
NC_001781.1	9409	C	T	0	0	0	160	158	39	1	160	5.26861e-96	TRUE	NA	NA	NA	NA	NA	NA
NC_001781.1	9411	G	A	0	0	0	161	159	40	1	161	2.63431e-96	TRUE	NA	NA	NA	NA	NA	NA
NC_001781.1	9495	C	T	0	0	0	686	20	22	1	686	0	TRUE	NA	NA	NA	NA	NA	NA
NC_001781.1	9516	G	A	76	75	34	5965	1919	61	0.987419	6041	0	TRUE	NA	NA	NA	NA	NA	NA
NC_001781.1	9594	T	C	0	0	0	6133	1854	57	1	6133	0	TRUE	NA	NA	NA	NA	NA	NA
NC_001781.1	9628	A	G	0	0	0	7009	1828	48	1	7009	0	TRUE	NA	NA	NA	NA	NA	NA
NC_001781.1	9630	C	T	5	3	36	7063	1858	49	0.999293	7068	0	TRUE	NA	NA	NA	NA	NA	NA
NC_001781.1	9642	G	A	70	70	21	7343	1889	45	0.990156	7416	0	TRUE	NA	NA	NA	NA	NA	NA
NC_001781.1	9705	C	T	43	1	35	8221	1989	45	0.994797	8264	0	TRUE	NA	NA	NA	NA	NA	NA
NC_001781.1	9762	T	C	1	1	24	7215	2604	46	0.999861	7216	0	TRUE	NA	NA	NA	NA	NA	NA
NC_001781.1	9849	T	C	0	0	0	4935	2497	59	1	4935	0	TRUE	NA	NA	NA	NA	NA	NA
NC_001781.1	9867	C	T	0	0	0	4166	2160	60	1	4166	0	TRUE	NA	NA	NA	NA	NA	NA
NC_001781.1	9879	T	C	1	1	40	3188	1766	59	0.999686	3189	0	TRUE	NA	NA	NA	NA	NA	NA
NC_001781.1	9891	A	G	0	0	0	180	178	22	1	180	4.25606e-186	TRUE	NA	NA	NA	NA	NA	NA
NC_001781.1	10080	A	G	0	0	0	32	10	59	1	32	1.68353e-23	TRUE	NA	NA	NA	NA	NA	NA
NC_001781.1	10131	C	T	0	0	0	26	13	56	1	26	4.76714e-18	TRUE	NA	NA	NA	NA	NA	NA
NC_001781.1	10137	A	T	1	1	40	23	10	58	0.958333	24	1.66424e-15	TRUE	NA	NA	NA	NA	NA	NA
NC_001781.1	10217	A	G	1	0	80	23	8	58	0.958333	24	6.39325e-16	TRUE	NA	NA	NA	NA	NA	NA
NC_001781.1	10236	C	A	26	11	52	14	14	26	0.325581	43	6.63915e-15	TRUE	NA	NA	NA	NA	NA	NA
NC_001781.1	10255	C	T	25	13	51	8954	6083	42	0.997105	8980	0	TRUE	NA	NA	NA	NA	NA	NA
NC_001781.1	10266	C	T	20	9	55	9032	6110	43	0.99757	9054	0	TRUE	NA	NA	NA	NA	NA	NA
NC_001781.1	10269	G	A	19	8	55	9060	6145	43	0.997907	9079	0	TRUE	NA	NA	NA	NA	NA	NA
NC_001781.1	10293	C	T	1	0	40	9046	6102	42	0.999889	9047	0	TRUE	NA	NA	NA	NA	NA	NA
NC_001781.1	10297	C	T	19	9	53	8829	5897	42	0.99774	8849	0	TRUE	NA	NA	NA	NA	NA	NA
NC_001781.1	10300	T	C	19	9	54	9092	6151	42	0.997915	9111	0	TRUE	NA	NA	NA	NA	NA	NA
NC_001781.1	10304	A	G	19	8	53	9143	6197	43	0.997926	9162	0	TRUE	NA	NA	NA	NA	NA	NA
NC_001781.1	10305	T	C	20	8	54	9114	6165	43	0.99781	9134	0	TRUE	NA	NA	NA	NA	NA	NA
NC_001781.1	10314	C	T	1	0	24	9062	6108	43	0.999779	9064	0	TRUE	NA	NA	NA	NA	NA	NA
NC_001781.1	10323	C	T	25	5	47	8642	5750	42	0.997115	8667	0	TRUE	NA	NA	NA	NA	NA	NA
NC_001781.1	10329	C	T	14	3	49	8631	5617	41	0.998381	8645	0	TRUE	NA	NA	NA	NA	NA	NA
NC_001781.1	10336	T	C	53	21	56	8192	5120	41	0.993331	8247	0	TRUE	NA	NA	NA	NA	NA	NA
NC_001781.1	10338	T	G	44	14	63	8271	5179	41	0.994469	8317	0	TRUE	NA	NA	NA	NA	NA	NA
NC_001781.1	10344	C	T	3	1	29	8820	5283	41	0.999547	8824	0	TRUE	NA	NA	NA	NA	NA	NA
NC_001781.1	10354	C	T	263	116	54	6250	3022	41	0.959177	6516	0	TRUE	NA	NA	NA	NA	NA	NA
NC_001781.1	10356	A	G	276	120	55	6335	3110	41	0.958251	6611	0	TRUE	NA	NA	NA	NA	NA	NA
NC_001781.1	10359	T	A	333	165	57	9007	5826	36	0.96414	9342	0	TRUE	NA	NA	NA	NA	NA	NA
NC_001781.1	10362	T	C	329	162	58	8945	5767	40	0.96442	9275	0	TRUE	NA	NA	NA	NA	NA	NA
NC_001781.1	10374	G	A	328	160	58	8599	5421	41	0.963258	8927	0	TRUE	NA	NA	NA	NA	NA	NA
NC_001781.1	10398	T	A	367	178	60	8884	4968	40	0.960225	9252	0	TRUE	NA	NA	NA	NA	NA	NA
NC_001781.1	10410	T	A	370	177	59	8766	4912	41	0.959081	9140	0	TRUE	NA	NA	NA	NA	NA	NA
NC_001781.1	10416	T	C	386	184	58	8419	4770	40	0.955944	8807	0	TRUE	NA	NA	NA	NA	NA	NA
NC_001781.1	10419	G	A	379	182	59	8522	4896	41	0.957205	8903	0	TRUE	NA	NA	NA	NA	NA	NA
NC_001781.1	10423	A	G	353	174	59	8645	4939	41	0.960769	8998	0	TRUE	NA	NA	NA	NA	NA	NA
NC_001781.1	10425	C	T	353	170	59	8614	4913	41	0.960526	8968	0	TRUE	NA	NA	NA	NA	NA	NA
NC_001781.1	10431	C	A	330	176	54	8868	5113	41	0.963913	9200	0	TRUE	NA	NA	NA	NA	NA	NA
NC_001781.1	10452	C	A	255	132	55	9053	5431	41	0.972604	9308	0	TRUE	NA	NA	NA	NA	NA	NA
NC_001781.1	10458	T	C	231	128	57	8820	5418	40	0.97437	9052	0	TRUE	NA	NA	NA	NA	NA	NA
NC_001781.1	10461	T	A	220	123	56	8941	5436	41	0.975879	9162	0	TRUE	NA	NA	NA	NA	NA	NA
NC_001781.1	10470	C	T	198	119	53	8791	5287	40	0.977864	8990	0	TRUE	NA	NA	NA	NA	NA	NA
NC_001781.1	10479	G	A	49	31	46	8811	5510	40	0.99447	8860	0	TRUE	NA	NA	NA	NA	NA	NA
NC_001781.1	10483	T	C	2	2	24	8761	5559	40	0.999544	8765	0	TRUE	NA	NA	NA	NA	NA	NA
NC_001781.1	10485	G	T	3	3	29	8802	5539	40	0.999546	8806	0	TRUE	NA	NA	NA	NA	NA	NA
NC_001781.1	10506	G	A	1	0	40	4875	2396	39	0.99959	4877	0	TRUE	NA	NA	NA	NA	NA	NA
NC_001781.1	10509	T	A	0	0	0	4911	2433	39	0.999796	4912	0	TRUE	NA	NA	NA	NA	NA	NA
NC_001781.1	10512	A	G	0	0	0	4916	2453	39	1	4916	0	TRUE	NA	NA	NA	NA	NA	NA
NC_001781.1	10515	G	A	4	3	32	4887	2425	39	0.998978	4892	0	TRUE	NA	NA	NA	NA	NA	NA
NC_001781.1	10524	A	G	1	0	40	5004	2550	39	0.9998	5005	0	TRUE	NA	NA	NA	NA	NA	NA
NC_001781.1	10527	A	G	0	0	0	5041	2602	39	1	5041	0	TRUE	NA	NA	NA	NA	NA	NA
NC_001781.1	10542	C	T	10	1	38	3094	1634	37	0.995175	3109	0	TRUE	NA	NA	NA	NA	NA	NA
NC_001781.1	10548	G	A	1	1	24	2651	1396	39	0.999623	2652	0	TRUE	NA	NA	NA	NA	NA	NA
NC_001781.1	10560	T	C	3	2	57	2420	1321	39	0.998762	2423	0	TRUE	NA	NA	NA	NA	NA	NA
NC_001781.1	10569	C	T	8	7	48	1918	921	38	0.994298	1929	0	TRUE	NA	NA	NA	NA	NA	NA
NC_001781.1	10581	T	C	4	3	70	1248	730	39	0.996805	1252	0	TRUE	NA	NA	NA	NA	NA	NA
NC_001781.1	10584	C	T	5	3	60	1247	714	40	0.996006	1252	0	TRUE	NA	NA	NA	NA	NA	NA
NC_001781.1	10590	A	G	5	4	58	1227	701	40	0.995942	1232	0	TRUE	NA	NA	NA	NA	NA	NA
NC_001781.1	10593	T	C	4	3	70	1220	691	40	0.996732	1224	0	TRUE	NA	NA	NA	NA	NA	NA
NC_001781.1	10602	T	C	0	0	0	807	459	39	0.993842	812	0	TRUE	NA	NA	NA	NA	NA	NA
NC_001781.1	10611	T	C	5	4	64	288	188	41	0.982935	293	4.21881e-177	TRUE	NA	NA	NA	NA	NA	NA
NC_001781.1	10764	C	T	5	0	52	7821	1133	50	0.999233	7827	0	TRUE	NA	NA	NA	NA	NA	NA
NC_001781.1	10782	T	C	1	0	40	7749	1141	49	0.999613	7752	0	TRUE	NA	NA	NA	NA	NA	NA
NC_001781.1	10812	A	G	0	0	0	7733	1684	47	0.999871	7734	0	TRUE	NA	NA	NA	NA	NA	NA
NC_001781.1	10827	T	C	2	1	24	8162	1660	46	0.99951	8166	0	TRUE	NA	NA	NA	NA	NA	NA
NC_001781.1	10869	T	A	6253	2457	44	2647	579	39	0.297115	8909	0	TRUE	NA	NA	NA	NA	NA	NA
NC_001781.1	10875	T	C	2713	575	40	6021	2432	43	0.689296	8735	0	TRUE	NA	NA	NA	NA	NA	NA
NC_001781.1	10882	T	C	6188	2398	44	2721	565	40	0.305387	8910	0	TRUE	NA	NA	NA	NA	NA	NA
NC_001781.1	10902	C	T	3010	600	39	5969	2304	43	0.664625	8981	0	TRUE	NA	NA	NA	NA	NA	NA
NC_001781.1	10908	G	T	3083	618	40	6006	2301	43	0.660726	9090	0	TRUE	NA	NA	NA	NA	NA	NA
NC_001781.1	10917	T	C	1	1	80	6016	2298	43	0.662993	9074	0	TRUE	NA	NA	NA	NA	NA	NA
NC_001781.1	10917	T	A	1	1	80	3056	606	40	0.336786	9074	0	TRUE	NA	NA	NA	NA	NA	NA
NC_001781.1	10920	C	T	6136	2297	43	3080	619	40	0.334201	9216	0	TRUE	NA	NA	NA	NA	NA	NA
NC_001781.1	10923	A	T	6000	2247	43	3081	618	40	0.339205	9083	0	TRUE	NA	NA	NA	NA	NA	NA
NC_001781.1	10927	C	T	6104	2269	42	3047	603	39	0.332933	9152	0	TRUE	NA	NA	NA	NA	NA	NA
NC_001781.1	10929	G	A	6154	2222	42	3073	613	40	0.333008	9228	0	TRUE	NA	NA	NA	NA	NA	NA
NC_001781.1	10932	A	T	6152	2214	42	3071	613	40	0.332936	9224	0	TRUE	NA	NA	NA	NA	NA	NA
NC_001781.1	10941	T	C	5969	2043	42	3442	630	39	0.365742	9411	0	TRUE	NA	NA	NA	NA	NA	NA
NC_001781.1	10947	G	A	5596	1835	40	3464	631	39	0.38234	9060	0	TRUE	NA	NA	NA	NA	NA	NA
NC_001781.1	10953	T	A	5514	1756	40	3719	622	39	0.402794	9233	0	TRUE	NA	NA	NA	NA	NA	NA
NC_001781.1	10971	T	C	4579	1322	41	4963	974	40	0.520122	9542	0	TRUE	NA	NA	NA	NA	NA	NA
NC_001781.1	10977	T	C	4477	1264	40	4472	849	40	0.499609	8951	0	TRUE	NA	NA	NA	NA	NA	NA
NC_001781.1	10980	A	G	4480	1357	40	4456	888	39	0.498546	8938	0	TRUE	NA	NA	NA	NA	NA	NA
NC_001781.1	10983	G	A	4224	1283	40	4513	919	40	0.51648	8738	0	TRUE	NA	NA	NA	NA	NA	NA
NC_001781.1	10989	G	A	4099	1340	40	5193	1627	39	0.558207	9303	0	TRUE	NA	NA	NA	NA	NA	NA
NC_001781.1	11011	T	A	4069	890	39	4115	1658	39	0.502258	8193	0	TRUE	NA	NA	NA	NA	NA	NA
NC_001781.1	11014	T	C	4062	910	40	4047	1644	39	0.499014	8110	0	TRUE	NA	NA	NA	NA	NA	NA
NC_001781.1	11028	C	T	4742	1378	45	3756	1655	39	0.441986	8498	0	TRUE	NA	NA	NA	NA	NA	NA
NC_001781.1	11031	T	C	4670	1358	45	3671	1686	38	0.439957	8344	0	TRUE	NA	NA	NA	NA	NA	NA
NC_001781.1	11037	G	A	4577	1344	45	3748	1663	39	0.45021	8325	0	TRUE	NA	NA	NA	NA	NA	NA
NC_001781.1	11040	A	G	4612	1386	46	3713	1654	39	0.446006	8325	0	TRUE	NA	NA	NA	NA	NA	NA
NC_001781.1	11058	T	C	0	0	0	4045	1295	46	0.562118	7196	0	TRUE	NA	NA	NA	NA	NA	NA
NC_001781.1	11058	T	A	0	0	0	3150	1551	39	0.437743	7196	0	TRUE	NA	NA	NA	NA	NA	NA
NC_001781.1	11082	A	T	1	1	40	3367	1166	47	0.999406	3369	0	TRUE	NA	NA	NA	NA	NA	NA
NC_001781.1	11088	C	T	2096	724	51	756	423	39	0.265077	2852	5.46727e-309	TRUE	NA	NA	NA	NA	NA	NA
NC_001781.1	11097	C	G	0	0	0	760	435	39	1	760	0	TRUE	NA	NA	NA	NA	NA	NA
NC_001781.1	11098	C	A	0	0	0	758	429	38	1	758	0	TRUE	NA	NA	NA	NA	NA	NA
NC_001781.1	11109	G	A	1	1	24	51	23	39	0.980769	52	3.34793e-29	TRUE	NA	NA	NA	NA	NA	NA
NC_001781.1	11112	C	T	0	0	0	53	25	38	1	53	3.18851e-31	TRUE	NA	NA	NA	NA	NA	NA
NC_001781.1	11118	C	T	0	0	0	52	24	38	1	52	6.31686e-31	TRUE	NA	NA	NA	NA	NA	NA
NC_001781.1	11124	A	G	0	0	0	50	24	36	1	50	2.55151e-30	TRUE	NA	NA	NA	NA	NA	NA
NC_001781.1	11130	G	A	3	3	34	17	17	39	0.85	20	6.51542e-10	TRUE	NA	NA	NA	NA	NA	NA
NC_001781.1	11133	C	T	0	0	0	22	22	39	1	22	6.74132e-14	TRUE	NA	NA	NA	NA	NA	NA
NC_001781.1	11136	T	C	2	2	32	22	22	38	0.916667	24	5.55333e-12	TRUE	NA	NA	NA	NA	NA	NA
NC_001781.1	11139	A	T	0	0	0	22	22	37	1	22	1.26737e-13	TRUE	NA	NA	NA	NA	NA	NA
NC_001781.1	11142	G	A	0	0	0	23	23	39	1	23	6.20201e-14	TRUE	NA	NA	NA	NA	NA	NA
NC_001781.1	11148	T	C	0	0	0	40	40	34	1	40	1.86034e-23	TRUE	NA	NA	NA	NA	NA	NA
NC_001781.1	11154	C	T	0	0	0	42	42	38	1	42	1.19125e-24	TRUE	NA	NA	NA	NA	NA	NA
NC_001781.1	11160	C	A	0	0	0	42	41	39	1	42	3.01316e-25	TRUE	NA	NA	NA	NA	NA	NA
NC_001781.1	11163	A	G	0	0	0	42	41	38	1	42	3.01316e-25	TRUE	NA	NA	NA	NA	NA	NA
NC_001781.1	11172	G	A	0	0	0	47	42	39	1	47	6.15119e-28	TRUE	NA	NA	NA	NA	NA	NA
NC_001781.1	11178	A	G	0	0	0	45	40	39	1	45	2.48722e-27	TRUE	NA	NA	NA	NA	NA	NA
NC_001781.1	11181	T	A	0	0	0	46	41	39	1	46	1.23024e-27	TRUE	NA	NA	NA	NA	NA	NA
NC_001781.1	11184	A	G	0	0	0	46	42	39	1	46	1.23024e-27	TRUE	NA	NA	NA	NA	NA	NA
NC_001781.1	11196	A	C	0	0	0	45	42	38	1	45	2.48722e-27	TRUE	NA	NA	NA	NA	NA	NA
NC_001781.1	11208	T	C	0	0	0	25	20	41	1	25	4.03292e-15	TRUE	NA	NA	NA	NA	NA	NA
NC_001781.1	11211	T	C	0	0	0	25	20	37	1	25	4.03292e-15	TRUE	NA	NA	NA	NA	NA	NA
NC_001781.1	11217	T	G	0	0	0	24	19	42	0.96	25	8.22716e-15	TRUE	NA	NA	NA	NA	NA	NA
NC_001781.1	11221	T	C	0	0	0	25	20	43	1	25	4.03292e-15	TRUE	NA	NA	NA	NA	NA	NA
NC_001781.1	11265	G	A	0	0	0	413	100	58	0.995181	415	0	TRUE	NA	NA	NA	NA	NA	NA
NC_001781.1	11298	C	T	0	0	0	555	151	60	1	555	0	TRUE	NA	NA	NA	NA	NA	NA
NC_001781.1	11323	T	C	2	0	60	802	282	61	0.997512	804	0	TRUE	NA	NA	NA	NA	NA	NA
NC_001781.1	11343	A	T	2	0	60	878	324	62	0.997727	880	0	TRUE	NA	NA	NA	NA	NA	NA
NC_001781.1	11352	C	T	3	0	61	894	332	63	0.995546	898	0	TRUE	NA	NA	NA	NA	NA	NA
NC_001781.1	11400	T	C	7	5	57	945	414	60	0.992647	952	0	TRUE	NA	NA	NA	NA	NA	NA
NC_001781.1	11426	T	C	1	0	24	955	551	62	0.998954	956	0	TRUE	NA	NA	NA	NA	NA	NA
NC_001781.1	11448	T	C	1	0	40	921	538	62	0.998915	922	0	TRUE	NA	NA	NA	NA	NA	NA
NC_001781.1	11578	T	C	3	0	35	401	262	58	0.992574	404	1.20483e-287	TRUE	NA	NA	NA	NA	NA	NA
NC_001781.1	11601	T	G	304	221	52	327	19	41	0.516588	633	2.64937e-140	TRUE	NA	NA	NA	NA	NA	NA
NC_001781.1	11602	C	T	307	223	52	327	19	41	0.515773	634	4.777e-144	TRUE	NA	NA	NA	NA	NA	NA
NC_001781.1	11614	C	T	255	186	41	2545	480	40	0.908929	2800	0	TRUE	NA	NA	NA	NA	NA	NA
NC_001781.1	11619	C	T	125	83	45	2575	486	40	0.953704	2700	0	TRUE	NA	NA	NA	NA	NA	NA
NC_001781.1	11622	A	G	104	65	46	2571	480	40	0.961121	2675	0	TRUE	NA	NA	NA	NA	NA	NA
NC_001781.1	11628	G	A	31	20	43	2568	486	40	0.988072	2599	0	TRUE	NA	NA	NA	NA	NA	NA
NC_001781.1	11634	T	C	4	1	36	2569	476	40	0.998445	2573	0	TRUE	NA	NA	NA	NA	NA	NA
NC_001781.1	11635	G	A	3	3	23	2583	485	40	0.99884	2586	0	TRUE	NA	NA	NA	NA	NA	NA
NC_001781.1	11637	C	A	7	0	24	2613	488	40	0.997328	2620	0	TRUE	NA	NA	NA	NA	NA	NA
NC_001781.1	11646	C	T	2	0	32	9784	445	40	0.999693	9787	0	TRUE	NA	NA	NA	NA	NA	NA
NC_001781.1	11649	T	C	1	0	40	9766	456	39	0.999795	9768	0	TRUE	NA	NA	NA	NA	NA	NA
NC_001781.1	11655	T	C	9	1	37	9794	454	40	0.998878	9805	0	TRUE	NA	NA	NA	NA	NA	NA
NC_001781.1	11664	C	T	6	0	40	9825	457	40	0.99939	9831	0	TRUE	NA	NA	NA	NA	NA	NA
NC_001781.1	11667	G	A	1	0	24	9768	456	40	0.999898	9769	0	TRUE	NA	NA	NA	NA	NA	NA
NC_001781.1	11670	T	C	0	0	0	9774	460	39	1	9774	0	TRUE	NA	NA	NA	NA	NA	NA
NC_001781.1	11673	A	T	0	0	0	9813	466	40	0.999796	9815	0	TRUE	NA	NA	NA	NA	NA	NA
NC_001781.1	11685	G	A	2	0	32	9759	467	39	0.999795	9761	0	TRUE	NA	NA	NA	NA	NA	NA
NC_001781.1	11691	A	T	1	1	40	9840	455	40	0.999492	9845	0	TRUE	NA	NA	NA	NA	NA	NA
NC_001781.1	11694	G	A	0	0	0	9694	463	39	0.999897	9695	0	TRUE	NA	NA	NA	NA	NA	NA
NC_001781.1	11697	G	T	1	0	24	9680	461	39	0.999793	9682	0	TRUE	NA	NA	NA	NA	NA	NA
NC_001781.1	11703	G	A	2	0	40	9778	475	40	0.999693	9781	0	TRUE	NA	NA	NA	NA	NA	NA
NC_001781.1	11709	A	G	3	0	29	9800	470	39	0.999694	9803	0	TRUE	NA	NA	NA	NA	NA	NA
NC_001781.1	11730	T	C	0	0	0	1546	173	38	1	1546	0	TRUE	NA	NA	NA	NA	NA	NA
NC_001781.1	11733	G	A	1	1	24	1516	207	34	0.999341	1517	0	TRUE	NA	NA	NA	NA	NA	NA
NC_001781.1	11736	T	C	2	0	40	1568	250	33	0.998726	1570	0	TRUE	NA	NA	NA	NA	NA	NA
NC_001781.1	11743	T	C	1	0	40	1099	289	38	0.999091	1100	0	TRUE	NA	NA	NA	NA	NA	NA
NC_001781.1	11745	A	G	0	0	0	1126	306	38	1	1126	0	TRUE	NA	NA	NA	NA	NA	NA
NC_001781.1	11751	A	T	0	0	0	1116	334	39	1	1116	0	TRUE	NA	NA	NA	NA	NA	NA
NC_001781.1	11754	A	C	1	0	24	1103	332	38	0.99819	1105	0	TRUE	NA	NA	NA	NA	NA	NA
NC_001781.1	11757	A	G	0	0	0	1101	320	38	1	1101	0	TRUE	NA	NA	NA	NA	NA	NA
NC_001781.1	11760	C	T	0	0	0	1122	346	39	1	1122	0	TRUE	NA	NA	NA	NA	NA	NA
NC_001781.1	11763	A	G	0	0	0	1126	349	39	0.999113	1127	0	TRUE	NA	NA	NA	NA	NA	NA
NC_001781.1	11766	T	C	1	0	40	1105	344	38	0.998193	1107	0	TRUE	NA	NA	NA	NA	NA	NA
NC_001781.1	11768	T	C	2	0	52	1091	352	38	0.99817	1093	0	TRUE	NA	NA	NA	NA	NA	NA
NC_001781.1	11790	T	C	0	0	0	396	346	37	1	396	2.22069e-246	TRUE	NA	NA	NA	NA	NA	NA
NC_001781.1	11805	T	C	2	0	60	2875	361	24	0.998264	2880	0	TRUE	NA	NA	NA	NA	NA	NA
NC_001781.1	11892	T	C	3	1	56	5710	1014	50	0.999475	5713	0	TRUE	NA	NA	NA	NA	NA	NA
NC_001781.1	11893	C	T	2	1	32	5656	1008	50	0.999647	5658	0	TRUE	NA	NA	NA	NA	NA	NA
NC_001781.1	11898	T	C	0	0	0	5612	1069	50	1	5612	0	TRUE	NA	NA	NA	NA	NA	NA
NC_001781.1	11946	C	T	5	0	26	6934	1940	52	0.999135	6940	0	TRUE	NA	NA	NA	NA	NA	NA
NC_001781.1	11976	A	G	0	0	0	4546	2721	48	1	4546	0	TRUE	NA	NA	NA	NA	NA	NA
NC_001781.1	12030	T	C	2	1	32	7041	3607	52	0.999716	7043	0	TRUE	NA	NA	NA	NA	NA	NA
NC_001781.1	12102	T	C	803	0	38	6229	2915	54	0.885808	7032	0	TRUE	NA	NA	NA	NA	NA	NA
NC_001781.1	12144	A	T	3228	1394	54	1739	80	40	0.350111	4967	0	TRUE	NA	NA	NA	NA	NA	NA
NC_001781.1	12159	A	T	2225	1058	56	1576	9	39	0.414628	3801	0	TRUE	NA	NA	NA	NA	NA	NA
NC_001781.1	12162	A	T	1965	890	58	1573	8	39	0.444601	3538	0	TRUE	NA	NA	NA	NA	NA	NA
NC_001781.1	12165	A	T	1846	818	58	2964	8	39	0.616088	4811	0	TRUE	NA	NA	NA	NA	NA	NA
NC_001781.1	12171	G	A	2	1	31	6494	609	43	0.999692	6496	0	TRUE	NA	NA	NA	NA	NA	NA
NC_001781.1	12180	T	C	1257	493	58	5144	7	39	0.803499	6402	0	TRUE	NA	NA	NA	NA	NA	NA
NC_001781.1	12185	T	A	353	124	52	5139	7	39	0.935554	5493	0	TRUE	NA	NA	NA	NA	NA	NA
NC_001781.1	12186	C	T	353	129	51	5150	6	39	0.935853	5503	0	TRUE	NA	NA	NA	NA	NA	NA
NC_001781.1	12198	T	A	9	4	53	9738	19	39	0.999077	9747	0	TRUE	NA	NA	NA	NA	NA	NA
NC_001781.1	12210	T	A	12	6	55	9615	17	39	0.998546	9629	0	TRUE	NA	NA	NA	NA	NA	NA
NC_001781.1	12222	C	T	9	5	51	9788	41	39	0.999081	9797	0	TRUE	NA	NA	NA	NA	NA	NA
NC_001781.1	12228	T	C	9	5	56	9829	77	39	0.998882	9840	0	TRUE	NA	NA	NA	NA	NA	NA
NC_001781.1	12234	T	C	9	5	56	9669	84	39	0.998864	9680	0	TRUE	NA	NA	NA	NA	NA	NA
NC_001781.1	12240	A	G	10	4	52	9795	104	39	0.998878	9806	0	TRUE	NA	NA	NA	NA	NA	NA
NC_001781.1	12252	T	C	8	4	58	9306	122	39	0.998927	9316	0	TRUE	NA	NA	NA	NA	NA	NA
NC_001781.1	12255	T	C	11	6	55	9351	144	39	0.998718	9363	0	TRUE	NA	NA	NA	NA	NA	NA
NC_001781.1	12264	T	A	11	5	50	9694	156	40	0.998147	9712	0	TRUE	NA	NA	NA	NA	NA	NA
NC_001781.1	12273	A	G	9	5	56	9509	167	39	0.998949	9519	0	TRUE	NA	NA	NA	NA	NA	NA
NC_001781.1	12282	T	C	7	4	60	9294	203	39	0.99914	9302	0	TRUE	NA	NA	NA	NA	NA	NA
NC_001781.1	12288	G	A	6	4	52	9527	250	39	0.999371	9533	0	TRUE	NA	NA	NA	NA	NA	NA
NC_001781.1	12297	A	T	6	4	60	9017	263	39	0.999114	9025	0	TRUE	NA	NA	NA	NA	NA	NA
NC_001781.1	12309	G	A	0	0	0	7972	550	39	0.999749	7974	0	TRUE	NA	NA	NA	NA	NA	NA
NC_001781.1	12312	G	A	250	246	39	8107	568	38	0.969969	8358	0	TRUE	NA	NA	NA	NA	NA	NA
NC_001781.1	12321	A	G	8	3	48	8235	1337	39	0.999029	8243	0	TRUE	NA	NA	NA	NA	NA	NA
NC_001781.1	12333	G	T	7	5	46	5877	2017	43	0.998471	5886	0	TRUE	NA	NA	NA	NA	NA	NA
NC_001781.1	12336	C	T	14	8	48	6849	2093	42	0.997524	6866	0	TRUE	NA	NA	NA	NA	NA	NA
NC_001781.1	12360	G	A	4	3	56	7523	3439	49	0.999469	7527	0	TRUE	NA	NA	NA	NA	NA	NA
NC_001781.1	12369	C	T	6	3	48	7417	3479	49	0.999057	7424	0	TRUE	NA	NA	NA	NA	NA	NA
NC_001781.1	12379	T	C	5	3	56	6993	3511	49	0.999286	6998	0	TRUE	NA	NA	NA	NA	NA	NA
NC_001781.1	12393	A	G	5	4	56	6227	3337	49	0.998877	6234	0	TRUE	NA	NA	NA	NA	NA	NA
NC_001781.1	12396	C	T	5	4	52	6273	3383	50	0.999044	6279	0	TRUE	NA	NA	NA	NA	NA	NA
NC_001781.1	12402	A	G	6	4	48	6075	3408	50	0.999013	6081	0	TRUE	NA	NA	NA	NA	NA	NA
NC_001781.1	12411	C	T	102	31	44	5073	3080	50	0.9801	5176	0	TRUE	NA	NA	NA	NA	NA	NA
NC_001781.1	12417	C	T	2676	688	54	4020	2409	49	0.6	6700	0	TRUE	NA	NA	NA	NA	NA	NA
NC_001781.1	12423	A	G	3455	745	53	3585	2163	51	0.509016	7043	0	TRUE	NA	NA	NA	NA	NA	NA
NC_001781.1	12432	C	T	3934	764	52	3114	2031	51	0.441827	7048	0	TRUE	NA	NA	NA	NA	NA	NA
NC_001781.1	12438	A	G	4468	881	51	2770	1848	51	0.382544	7241	0	TRUE	NA	NA	NA	NA	NA	NA
NC_001781.1	12477	A	G	7	2	51	8414	1321	46	0.999169	8421	0	TRUE	NA	NA	NA	NA	NA	NA
NC_001781.1	12525	T	G	0	0	0	8552	1666	44	0.999883	8553	0	TRUE	NA	NA	NA	NA	NA	NA
NC_001781.1	12549	T	C	2	0	40	5883	1725	42	0.99966	5885	0	TRUE	NA	NA	NA	NA	NA	NA
NC_001781.1	12555	C	T	2	0	30	6629	2723	42	0.999548	6632	0	TRUE	NA	NA	NA	NA	NA	NA
NC_001781.1	12561	A	C	3	0	29	8176	4013	40	0.999633	8179	0	TRUE	NA	NA	NA	NA	NA	NA
NC_001781.1	12597	C	T	3	0	34	8877	5796	43	0.99955	8881	0	TRUE	NA	NA	NA	NA	NA	NA
NC_001781.1	12600	T	C	3	2	34	8832	5842	42	0.999434	8837	0	TRUE	NA	NA	NA	NA	NA	NA
NC_001781.1	12691	C	T	27	1	37	8765	4953	41	0.996589	8795	0	TRUE	NA	NA	NA	NA	NA	NA
NC_001781.1	12699	G	A	137	137	30	7767	4113	41	0.982418	7906	0	TRUE	NA	NA	NA	NA	NA	NA
NC_001781.1	12732	T	C	4179	1703	46	4888	13	39	0.539038	9068	0	TRUE	NA	NA	NA	NA	NA	NA
NC_001781.1	12750	G	C	2531	657	49	6302	363	39	0.713299	8835	0	TRUE	NA	NA	NA	NA	NA	NA
NC_001781.1	12756	G	T	2342	621	50	6551	409	40	0.736067	8900	0	TRUE	NA	NA	NA	NA	NA	NA
NC_001781.1	12783	T	C	5	2	36	8715	1384	40	0.999427	8720	0	TRUE	NA	NA	NA	NA	NA	NA
NC_001781.1	12789	T	C	0	0	0	9577	1420	40	1	9577	0	TRUE	NA	NA	NA	NA	NA	NA
NC_001781.1	12795	A	T	0	0	0	9563	1496	40	0.999791	9565	0	TRUE	NA	NA	NA	NA	NA	NA
NC_001781.1	12807	C	T	11	6	32	8526	1498	40	0.998244	8541	0	TRUE	NA	NA	NA	NA	NA	NA
NC_001781.1	12808	A	C	9	7	32	8576	1518	40	0.998952	8585	0	TRUE	NA	NA	NA	NA	NA	NA
NC_001781.1	12809	T	A	0	0	0	8553	1529	40	0.999883	8554	0	TRUE	NA	NA	NA	NA	NA	NA
NC_001781.1	12816	G	A	7	3	37	8626	1588	41	0.999189	8633	0	TRUE	NA	NA	NA	NA	NA	NA
NC_001781.1	12819	G	A	57	57	36	8626	1590	40	0.993435	8683	0	TRUE	NA	NA	NA	NA	NA	NA
NC_001781.1	12837	G	A	2	1	27	7888	1628	40	0.99962	7891	0	TRUE	NA	NA	NA	NA	NA	NA
NC_001781.1	12846	C	T	55	0	24	6558	1667	40	0.991533	6614	0	TRUE	NA	NA	NA	NA	NA	NA
NC_001781.1	12847	C	T	2	1	40	6530	1644	40	0.999694	6532	0	TRUE	NA	NA	NA	NA	NA	NA
NC_001781.1	12855	T	C	0	0	0	9568	1752	39	1	9568	0	TRUE	NA	NA	NA	NA	NA	NA
NC_001781.1	12867	A	G	0	0	0	9100	1869	39	0.99978	9102	0	TRUE	NA	NA	NA	NA	NA	NA
NC_001781.1	12870	C	T	4	0	24	9222	1867	39	0.99935	9228	0	TRUE	NA	NA	NA	NA	NA	NA
NC_001781.1	12879	A	G	1	0	24	9603	1912	40	0.999896	9604	0	TRUE	NA	NA	NA	NA	NA	NA
NC_001781.1	12889	C	T	30	0	28	9398	1750	40	0.996818	9428	0	TRUE	NA	NA	NA	NA	NA	NA
NC_001781.1	12897	C	T	2	0	33	8640	1667	40	0.999537	8644	0	TRUE	NA	NA	NA	NA	NA	NA
NC_001781.1	12901	G	A	59	56	39	8514	1668	40	0.992771	8576	0	TRUE	NA	NA	NA	NA	NA	NA
NC_001781.1	12906	T	C	0	0	0	9586	2042	40	0.999896	9587	0	TRUE	NA	NA	NA	NA	NA	NA
NC_001781.1	12921	C	T	4	1	28	7081	1095	40	0.999294	7086	0	TRUE	NA	NA	NA	NA	NA	NA
NC_001781.1	12922	A	G	0	0	0	7077	1088	39	1	7077	0	TRUE	NA	NA	NA	NA	NA	NA
NC_001781.1	12924	C	T	9	4	42	7126	1180	40	0.998739	7135	0	TRUE	NA	NA	NA	NA	NA	NA
NC_001781.1	12942	A	G	1	0	24	8576	2024	40	0.999883	8577	0	TRUE	NA	NA	NA	NA	NA	NA
NC_001781.1	12944	T	C	4	1	40	8585	2013	40	0.999534	8589	0	TRUE	NA	NA	NA	NA	NA	NA
NC_001781.1	12945	A	G	5	0	46	8580	2035	40	0.999418	8585	0	TRUE	NA	NA	NA	NA	NA	NA
NC_001781.1	12951	A	G	2	1	24	9518	2081	39	0.99979	9520	0	TRUE	NA	NA	NA	NA	NA	NA
NC_001781.1	12954	G	A	1	0	40	9582	2104	40	0.999896	9583	0	TRUE	NA	NA	NA	NA	NA	NA
NC_001781.1	12960	T	C	0	0	0	9562	2067	40	0.999895	9563	0	TRUE	NA	NA	NA	NA	NA	NA
NC_001781.1	12973	G	A	2	2	32	9544	2093	40	0.999581	9548	0	TRUE	NA	NA	NA	NA	NA	NA
NC_001781.1	12978	T	C	0	0	0	9556	2103	40	1	9556	0	TRUE	NA	NA	NA	NA	NA	NA
NC_001781.1	13014	A	T	0	0	0	7771	2349	42	0.99833	7784	0	TRUE	NA	NA	NA	NA	NA	NA
NC_001781.1	13020	T	A	14	5	45	6847	2248	43	0.997959	6861	0	TRUE	NA	NA	NA	NA	NA	NA
NC_001781.1	13038	A	T	11	4	49	5904	1986	43	0.99814	5915	0	TRUE	NA	NA	NA	NA	NA	NA
NC_001781.1	13041	A	G	11	4	49	5833	1955	43	0.997947	5845	0	TRUE	NA	NA	NA	NA	NA	NA
NC_001781.1	13059	T	C	9	3	49	4844	1609	42	0.997323	4857	0	TRUE	NA	NA	NA	NA	NA	NA
NC_001781.1	13071	G	A	20	6	41	573	556	35	0.966273	593	0	TRUE	NA	NA	NA	NA	NA	NA
NC_001781.1	13074	C	T	2	2	24	489	461	35	0.987879	495	0	TRUE	NA	NA	NA	NA	NA	NA
NC_001781.1	13148	A	G	3	1	34	21	5	53	0.875	24	9.49174e-13	TRUE	NA	NA	NA	NA	NA	NA
NC_001781.1	13404	C	T	0	0	0	164	51	57	1	164	7.95658e-118	TRUE	NA	NA	NA	NA	NA	NA
NC_001781.1	13422	T	A	0	0	0	165	65	63	1	165	7.03021e-124	TRUE	NA	NA	NA	NA	NA	NA
NC_001781.1	13429	T	A	0	0	0	164	65	63	1	164	1.83638e-123	TRUE	NA	NA	NA	NA	NA	NA
NC_001781.1	13434	C	T	0	0	0	165	65	63	1	165	7.03021e-124	TRUE	NA	NA	NA	NA	NA	NA
NC_001781.1	13437	A	T	0	0	0	160	64	63	1	160	8.87946e-122	TRUE	NA	NA	NA	NA	NA	NA
NC_001781.1	13441	T	C	0	0	0	161	64	63	1	161	3.34799e-122	TRUE	NA	NA	NA	NA	NA	NA
NC_001781.1	13443	A	T	0	0	0	162	63	63	0.993865	163	1.26723e-122	TRUE	NA	NA	NA	NA	NA	NA
NC_001781.1	13455	G	A	0	0	0	147	56	61	1	147	1.57469e-110	TRUE	NA	NA	NA	NA	NA	NA
NC_001781.1	13458	A	G	0	0	0	144	59	61	1	144	3.10119e-108	TRUE	NA	NA	NA	NA	NA	NA
NC_001781.1	13465	G	A	0	0	0	137	54	61	1	137	2.94146e-104	TRUE	NA	NA	NA	NA	NA	NA
NC_001781.1	13472	A	G	1	0	25	82	56	51	0.987952	83	1.01523e-54	TRUE	NA	NA	NA	NA	NA	NA
NC_001781.1	13474	T	A	1	0	28	83	57	49	0.988095	84	4.39583e-55	TRUE	NA	NA	NA	NA	NA	NA
NC_001781.1	13477	A	T	0	0	0	83	57	51	1	83	8.87686e-56	TRUE	NA	NA	NA	NA	NA	NA
NC_001781.1	13478	C	A	0	0	0	83	57	51	1	83	8.87686e-56	TRUE	NA	NA	NA	NA	NA	NA
NC_001781.1	13480	A	G	0	0	0	82	57	51	1	82	2.02136e-55	TRUE	NA	NA	NA	NA	NA	NA
NC_001781.1	13492	A	C	0	0	0	94	69	49	1	94	1.07607e-62	TRUE	NA	NA	NA	NA	NA	NA
NC_001781.1	13497	A	G	0	0	0	92	68	48	1	92	5.50615e-62	TRUE	NA	NA	NA	NA	NA	NA
NC_001781.1	13509	A	G	0	0	0	64	45	45	1	64	3.10004e-44	TRUE	NA	NA	NA	NA	NA	NA
NC_001781.1	13515	C	T	0	0	0	55	50	41	1	55	1.44252e-36	TRUE	NA	NA	NA	NA	NA	NA
NC_001781.1	13518	A	T	0	0	0	45	42	44	1	45	9.20453e-31	TRUE	NA	NA	NA	NA	NA	NA
NC_001781.1	13521	A	T	0	0	0	45	42	43	1	45	2.83936e-30	TRUE	NA	NA	NA	NA	NA	NA
NC_001781.1	13527	C	G	0	0	0	56	55	42	1	56	1.7436e-34	TRUE	NA	NA	NA	NA	NA	NA
NC_001781.1	13538	G	A	0	0	0	53	53	39	1	53	3.18851e-31	TRUE	NA	NA	NA	NA	NA	NA
NC_001781.1	13548	T	C	0	0	0	52	52	39	1	52	1.26337e-30	TRUE	NA	NA	NA	NA	NA	NA
NC_001781.1	13554	C	T	0	0	0	26	26	39	1	26	4.03292e-15	TRUE	NA	NA	NA	NA	NA	NA
NC_001781.1	13557	C	T	0	0	0	26	26	40	1	26	4.03292e-15	TRUE	NA	NA	NA	NA	NA	NA
NC_001781.1	13564	T	C	0	0	0	26	26	37	1	26	4.03292e-15	TRUE	NA	NA	NA	NA	NA	NA
NC_001781.1	13566	G	A	0	0	0	26	26	40	1	26	4.03292e-15	TRUE	NA	NA	NA	NA	NA	NA
NC_001781.1	13567	C	T	0	0	0	25	25	38	1	25	7.91073e-15	TRUE	NA	NA	NA	NA	NA	NA
NC_001781.1	13572	A	T	0	0	0	26	26	39	1	26	4.03292e-15	TRUE	NA	NA	NA	NA	NA	NA
NC_001781.1	13578	A	T	0	0	0	31	31	38	1	31	4.29712e-18	TRUE	NA	NA	NA	NA	NA	NA
NC_001781.1	13584	A	G	0	0	0	30	30	39	1	30	8.45562e-18	TRUE	NA	NA	NA	NA	NA	NA
NC_001781.1	13596	A	C	0	0	0	31	31	39	1	31	4.29712e-18	TRUE	NA	NA	NA	NA	NA	NA
NC_001781.1	13606	G	A	0	0	0	24	24	40	1	24	6.20201e-14	TRUE	NA	NA	NA	NA	NA	NA
NC_001781.1	13607	A	G	0	0	0	24	24	38	1	24	6.20201e-14	TRUE	NA	NA	NA	NA	NA	NA
NC_001781.1	13614	T	C	0	0	0	24	24	40	1	24	6.20201e-14	TRUE	NA	NA	NA	NA	NA	NA
NC_001781.1	13621	C	T	0	0	0	23	23	36	1	23	1.21456e-13	TRUE	NA	NA	NA	NA	NA	NA
NC_001781.1	13642	A	G	18	18	40	4701	1033	54	0.996186	4719	0	TRUE	NA	NA	NA	NA	NA	NA
NC_001781.1	13654	A	G	18	18	37	6208	1338	55	0.997109	6226	0	TRUE	NA	NA	NA	NA	NA	NA
NC_001781.1	13665	T	C	1	1	24	6197	1347	54	0.999839	6198	0	TRUE	NA	NA	NA	NA	NA	NA
NC_001781.1	13686	T	A	0	0	0	7424	1371	52	0.999731	7426	0	TRUE	NA	NA	NA	NA	NA	NA
NC_001781.1	13715	A	G	1	0	40	7623	1283	50	0.999869	7624	0	TRUE	NA	NA	NA	NA	NA	NA
NC_001781.1	13719	C	T	3	0	34	7607	1291	51	0.999474	7611	0	TRUE	NA	NA	NA	NA	NA	NA
NC_001781.1	13728	A	G	1	0	40	7628	1306	50	0.999869	7629	0	TRUE	NA	NA	NA	NA	NA	NA
NC_001781.1	13733	T	C	2	0	38	7507	1314	50	0.998803	7516	0	TRUE	NA	NA	NA	NA	NA	NA
NC_001781.1	13784	G	A	83	81	38	6407	1623	42	0.986755	6493	0	TRUE	NA	NA	NA	NA	NA	NA
NC_001781.1	13799	A	G	1	1	24	7672	3428	45	0.99987	7673	0	TRUE	NA	NA	NA	NA	NA	NA
NC_001781.1	13826	A	T	0	0	0	8430	3703	46	0.999881	8431	0	TRUE	NA	NA	NA	NA	NA	NA
NC_001781.1	13868	C	A	3	0	56	8377	4039	45	0.999523	8381	0	TRUE	NA	NA	NA	NA	NA	NA
NC_001781.1	13889	T	C	0	0	0	7554	3900	44	0.999868	7555	0	TRUE	NA	NA	NA	NA	NA	NA
NC_001781.1	13893	C	T	151	1	29	7539	3919	44	0.980237	7691	0	TRUE	NA	NA	NA	NA	NA	NA
NC_001781.1	13960	G	A	4439	1190	45	4067	613	41	0.478077	8507	0	TRUE	NA	NA	NA	NA	NA	NA
NC_001781.1	13962	C	T	4456	1210	45	4107	605	41	0.47951	8565	0	TRUE	NA	NA	NA	NA	NA	NA
NC_001781.1	13971	T	C	4006	1098	45	4459	760	41	0.526757	8465	0	TRUE	NA	NA	NA	NA	NA	NA
NC_001781.1	13974	C	T	3936	1106	45	4546	851	41	0.535959	8482	0	TRUE	NA	NA	NA	NA	NA	NA
NC_001781.1	13989	C	T	3214	912	46	5193	1181	41	0.617553	8409	0	TRUE	NA	NA	NA	NA	NA	NA
NC_001781.1	13995	A	T	2779	847	46	5152	1165	41	0.649357	7934	0	TRUE	NA	NA	NA	NA	NA	NA
NC_001781.1	13998	C	T	2660	804	45	5192	1197	41	0.661149	7853	0	TRUE	NA	NA	NA	NA	NA	NA
NC_001781.1	14001	G	A	2328	802	44	5173	1202	40	0.689641	7501	0	TRUE	NA	NA	NA	NA	NA	NA
NC_001781.1	14004	C	T	1457	366	42	5560	1316	40	0.792249	7018	0	TRUE	NA	NA	NA	NA	NA	NA
NC_001781.1	14034	G	A	3	2	28	9531	2296	40	0.999476	9536	0	TRUE	NA	NA	NA	NA	NA	NA
NC_001781.1	14043	C	T	0	0	0	8938	2324	39	1	8938	0	TRUE	NA	NA	NA	NA	NA	NA
NC_001781.1	14046	C	T	47	41	27	8932	2334	39	0.994544	8981	0	TRUE	NA	NA	NA	NA	NA	NA
NC_001781.1	14048	G	A	491	491	38	9082	2353	40	0.948512	9575	0	TRUE	NA	NA	NA	NA	NA	NA
NC_001781.1	14076	T	A	55	0	36	8395	2816	39	0.993374	8451	0	TRUE	NA	NA	NA	NA	NA	NA
NC_001781.1	14079	T	G	1	0	40	8496	2894	39	0.999882	8497	0	TRUE	NA	NA	NA	NA	NA	NA
NC_001781.1	14082	C	T	4	0	28	8436	2866	38	0.99858	8448	0	TRUE	NA	NA	NA	NA	NA	NA
NC_001781.1	14091	A	G	1	0	40	8196	2943	37	0.999756	8198	0	TRUE	NA	NA	NA	NA	NA	NA
NC_001781.1	14097	G	A	29	26	32	8542	2886	38	0.996616	8571	0	TRUE	NA	NA	NA	NA	NA	NA
NC_001781.1	14103	A	G	3	0	39	8662	2859	37	0.999654	8665	0	TRUE	NA	NA	NA	NA	NA	NA
NC_001781.1	14118	C	T	10	0	27	8876	3690	38	0.998538	8889	0	TRUE	NA	NA	NA	NA	NA	NA
NC_001781.1	14127	C	T	10	6	33	8930	3520	39	0.99877	8941	0	TRUE	NA	NA	NA	NA	NA	NA
NC_001781.1	14140	T	C	2	1	40	9069	3552	39	0.999339	9075	0	TRUE	NA	NA	NA	NA	NA	NA
NC_001781.1	14142	A	G	2	0	40	9000	3640	40	0.999445	9005	0	TRUE	NA	NA	NA	NA	NA	NA
NC_001781.1	14169	T	A	2	0	31	8275	2782	40	0.998914	8284	0	TRUE	NA	NA	NA	NA	NA	NA
NC_001781.1	14175	A	G	3	0	29	6566	2363	40	0.999239	6571	0	TRUE	NA	NA	NA	NA	NA	NA
NC_001781.1	14179	C	T	8	0	28	6642	2414	41	0.998647	6651	0	TRUE	NA	NA	NA	NA	NA	NA
NC_001781.1	14184	A	G	0	0	0	6676	2475	40	1	6676	0	TRUE	NA	NA	NA	NA	NA	NA
NC_001781.1	14185	T	C	3	2	34	6674	2472	40	0.999401	6678	0	TRUE	NA	NA	NA	NA	NA	NA
NC_001781.1	14187	A	G	18	11	50	6554	2454	40	0.997261	6572	0	TRUE	NA	NA	NA	NA	NA	NA
NC_001781.1	14193	C	T	46	4	37	9260	2625	36	0.994629	9310	0	TRUE	NA	NA	NA	NA	NA	NA
NC_001781.1	14196	G	A	10	7	35	9447	2629	36	0.998837	9458	0	TRUE	NA	NA	NA	NA	NA	NA
NC_001781.1	14202	A	C	1	0	40	9509	2640	40	0.99958	9513	0	TRUE	NA	NA	NA	NA	NA	NA
NC_001781.1	14208	A	T	1	0	40	9456	2581	40	0.999789	9458	0	TRUE	NA	NA	NA	NA	NA	NA
NC_001781.1	14220	G	A	29	28	32	9386	2577	40	0.99692	9415	0	TRUE	NA	NA	NA	NA	NA	NA
NC_001781.1	14226	A	G	0	0	0	9194	2559	40	0.999674	9197	0	TRUE	NA	NA	NA	NA	NA	NA
NC_001781.1	14250	T	C	1	0	40	7412	1625	40	0.999865	7413	0	TRUE	NA	NA	NA	NA	NA	NA
NC_001781.1	14253	T	C	0	0	0	7578	1635	40	1	7578	0	TRUE	NA	NA	NA	NA	NA	NA
NC_001781.1	14283	A	G	0	0	0	4619	912	41	1	4619	0	TRUE	NA	NA	NA	NA	NA	NA
NC_001781.1	14289	A	T	0	0	0	4464	871	41	1	4464	0	TRUE	NA	NA	NA	NA	NA	NA
NC_001781.1	14298	T	C	0	0	0	1806	471	42	1	1806	0	TRUE	NA	NA	NA	NA	NA	NA
NC_001781.1	14301	C	T	2	0	34	1742	419	43	0.998853	1744	0	TRUE	NA	NA	NA	NA	NA	NA
NC_001781.1	14302	A	C	0	0	0	1744	428	43	1	1744	0	TRUE	NA	NA	NA	NA	NA	NA
NC_001781.1	14304	C	T	0	0	0	1743	426	43	1	1743	0	TRUE	NA	NA	NA	NA	NA	NA
NC_001781.1	14313	C	T	2	1	32	1725	412	43	0.998264	1728	0	TRUE	NA	NA	NA	NA	NA	NA
NC_001781.1	14569	G	A	179	171	35	285	42	21	0.614224	464	2.83844e-114	TRUE	NA	NA	NA	NA	NA	NA
NC_001781.1	14574	T	A	1	0	80	3558	190	35	0.999438	3560	0	TRUE	NA	NA	NA	NA	NA	NA
NC_001781.1	14577	G	A	33	8	66	3744	180	35	0.989691	3783	0	TRUE	NA	NA	NA	NA	NA	NA
NC_001781.1	14595	T	A	1	0	80	9740	435	40	0.999897	9741	0	TRUE	NA	NA	NA	NA	NA	NA
NC_001781.1	14596	T	C	1	0	40	9751	426	40	0.999795	9753	0	TRUE	NA	NA	NA	NA	NA	NA
NC_001781.1	14598	T	A	1	0	64	9751	436	40	0.999692	9754	0	TRUE	NA	NA	NA	NA	NA	NA
NC_001781.1	14607	T	C	1	0	80	9760	433	40	0.999898	9761	0	TRUE	NA	NA	NA	NA	NA	NA
NC_001781.1	14619	T	C	1	0	80	9782	441	40	0.999796	9784	0	TRUE	NA	NA	NA	NA	NA	NA
NC_001781.1	14632	A	G	102	30	36	9685	410	40	0.989578	9787	0	TRUE	NA	NA	NA	NA	NA	NA
NC_001781.1	14637	C	T	1	1	40	9806	442	40	0.999898	9807	0	TRUE	NA	NA	NA	NA	NA	NA
NC_001781.1	14640	G	A	4	2	36	9595	440	39	0.999583	9599	0	TRUE	NA	NA	NA	NA	NA	NA
NC_001781.1	14643	A	G	1	1	40	9811	444	40	0.999898	9812	0	TRUE	NA	NA	NA	NA	NA	NA
NC_001781.1	14649	C	T	14	1	29	9448	441	39	0.99852	9462	0	TRUE	NA	NA	NA	NA	NA	NA
NC_001781.1	14664	A	G	4	1	32	9332	445	38	0.999572	9336	0	TRUE	NA	NA	NA	NA	NA	NA
NC_001781.1	14667	C	T	3	0	29	9508	480	39	0.999579	9512	0	TRUE	NA	NA	NA	NA	NA	NA
NC_001781.1	14670	A	G	2	1	32	9703	480	39	0.999794	9705	0	TRUE	NA	NA	NA	NA	NA	NA
NC_001781.1	14676	T	C	2	1	32	9737	492	40	0.999795	9739	0	TRUE	NA	NA	NA	NA	NA	NA
NC_001781.1	14679	C	T	2	1	31	9710	488	39	0.999794	9712	0	TRUE	NA	NA	NA	NA	NA	NA
NC_001781.1	14699	A	G	2	0	24	8788	471	39	0.999772	8790	0	TRUE	NA	NA	NA	NA	NA	NA
NC_001781.1	14703	A	G	30	28	35	8674	487	38	0.996324	8706	0	TRUE	NA	NA	NA	NA	NA	NA
NC_001781.1	14712	G	T	3	2	27	2874	240	39	0.998957	2877	0	TRUE	NA	NA	NA	NA	NA	NA
NC_001781.1	14713	A	G	3	0	29	2780	239	38	0.998922	2783	0	TRUE	NA	NA	NA	NA	NA	NA
NC_001781.1	14716	T	G	0	0	0	3013	347	37	0.999337	3015	0	TRUE	NA	NA	NA	NA	NA	NA
NC_001781.1	14724	A	T	1	1	24	8067	975	39	0.999876	8068	0	TRUE	NA	NA	NA	NA	NA	NA
NC_001781.1	14730	G	A	1	0	40	9406	1224	39	0.999787	9408	0	TRUE	NA	NA	NA	NA	NA	NA
NC_001781.1	14733	G	A	6	5	37	9373	1216	39	0.999254	9380	0	TRUE	NA	NA	NA	NA	NA	NA
NC_001781.1	14739	A	T	0	0	0	9754	1561	39	0.99959	9758	0	TRUE	NA	NA	NA	NA	NA	NA
NC_001781.1	14744	A	G	0	0	0	9778	1527	39	1	9778	0	TRUE	NA	NA	NA	NA	NA	NA
NC_001781.1	14748	G	A	1	1	40	9743	1570	39	0.999692	9746	0	TRUE	NA	NA	NA	NA	NA	NA
NC_001781.1	14755	T	C	1	0	40	9708	1555	39	0.999897	9709	0	TRUE	NA	NA	NA	NA	NA	NA
NC_001781.1	14787	A	T	0	0	0	9645	1494	39	0.999689	9648	0	TRUE	NA	NA	NA	NA	NA	NA
NC_001781.1	14796	C	T	37	33	38	9398	1584	40	0.995656	9439	0	TRUE	NA	NA	NA	NA	NA	NA
NC_001781.1	14799	G	A	382	91	39	9366	1572	40	0.960714	9749	0	TRUE	NA	NA	NA	NA	NA	NA
NC_001781.1	14808	C	T	490	111	37	8675	1535	40	0.946329	9167	0	TRUE	NA	NA	NA	NA	NA	NA
NC_001781.1	14811	C	T	648	248	40	8724	1571	40	0.930858	9372	0	TRUE	NA	NA	NA	NA	NA	NA
NC_001781.1	14823	T	C	1027	307	43	5608	1441	40	0.845215	6635	0	TRUE	NA	NA	NA	NA	NA	NA
NC_001781.1	14827	C	T	1	0	40	6566	1699	40	0.999391	6570	0	TRUE	NA	NA	NA	NA	NA	NA
NC_001781.1	14832	A	G	1058	340	43	5494	1381	40	0.838523	6552	0	TRUE	NA	NA	NA	NA	NA	NA
NC_001781.1	14836	C	T	1219	502	41	5519	1379	40	0.819086	6738	0	TRUE	NA	NA	NA	NA	NA	NA
NC_001781.1	14838	A	C	0	0	0	5530	1395	40	0.811088	6818	0	TRUE	NA	NA	NA	NA	NA	NA
NC_001781.1	14839	G	A	1325	622	40	5516	1391	40	0.806315	6841	0	TRUE	NA	NA	NA	NA	NA	NA
NC_001781.1	14853	T	C	5286	1368	37	4145	1239	40	0.439508	9431	0	TRUE	NA	NA	NA	NA	NA	NA
NC_001781.1	14856	T	C	4394	1362	40	4006	1350	40	0.476905	8400	0	TRUE	NA	NA	NA	NA	NA	NA
NC_001781.1	14916	A	G	2	1	40	7874	2457	47	0.999746	7876	0	TRUE	NA	NA	NA	NA	NA	NA
NC_001781.1	14925	G	A	2	2	60	8160	2725	47	0.999632	8163	0	TRUE	NA	NA	NA	NA	NA	NA
NC_001781.1	14958	A	G	1	0	24	7922	2718	46	0.999874	7923	0	TRUE	NA	NA	NA	NA	NA	NA
NC_001781.1	14997	C	T	1	0	24	7627	2183	42	0.999738	7629	0	TRUE	NA	NA	NA	NA	NA	NA
NC_001781.1	15000	C	T	2	1	44	7925	2276	42	0.999496	7929	0	TRUE	NA	NA	NA	NA	NA	NA
NC_001781.1	15043	A	G	1	1	33	8373	3238	46	0.999761	8375	0	TRUE	NA	NA	NA	NA	NA	NA
NC_001781.1	15057	C	T	25	1	29	8075	3133	46	0.996914	8100	0	TRUE	NA	NA	NA	NA	NA	NA
NC_001781.1	15079	A	+ATAT	6583	2369	24	7577	0	20	0.902884	8392	0	TRUE	NA	NA	NA	NA	NA	NA
NC_001781.1	15106	T	G	2	1	31	7050	2647	49	0.999575	7053	0	TRUE	NA	NA	NA	NA	NA	NA
NC_001781.1	15109	C	T	3	0	40	7067	2638	49	0.999576	7070	0	TRUE	NA	NA	NA	NA	NA	NA
NC_001781.1	15132	T	G	2	2	26	4664	2245	53	0.999571	4666	0	TRUE	NA	NA	NA	NA	NA	NA
NC_001781.1	15134	T	C	0	0	0	4618	2248	53	0.999784	4619	0	TRUE	NA	NA	NA	NA	NA	NA
NC_001781.1	15142	G	A	1	1	24	3833	1852	56	0.999478	3835	0	TRUE	NA	NA	NA	NA	NA	NA
NC_001781.1	15145	G	A	1	0	24	3663	1814	57	0.999727	3664	0	TRUE	NA	NA	NA	NA	NA	NA
NC_001781.1	15169	G	C	0	0	0	2640	1503	56	1	2640	0	TRUE	NA	NA	NA	NA	NA	NA
NC_001781.1	15171	T	C	0	0	0	2644	1510	56	0.999244	2646	0	TRUE	NA	NA	NA	NA	NA	NA
