codon,alpha,beta,beta-alpha,Prob[alpha>beta],Prob[alpha<beta],BayesFactor[alpha<beta],x6,x7,dataset
0,2.61179743157328,0.04988927309840676,-2.561908158474874,0.9570779222039127,0.02327397289450067,0.05812392076504861,0,0,RSVA_M2-1_fubar
1,0.9565355829411821,0.2745000780143875,-0.6820355049267945,0.8631595012866062,0.09976936132620749,0.2703339193096497,0,0,RSVA_M2-1_fubar
2,1.162367973943284,0.4255067083785664,-0.7368612655647178,0.8218346056578747,0.1361729683352888,0.3845220532702764,0,0,RSVA_M2-1_fubar
3,2.019013523877244,0.4325296943224347,-1.586483829554809,0.9562643215921242,0.02731918895742525,0.06851009855919653,0,0,RSVA_M2-1_fubar
4,0.2675886513792945,0.7211816390556237,0.4535929876763292,0.1053839312112175,0.8609093250134702,15.09789969557419,0,0,RSVA_M2-1_fubar
5,2.704958809823576,0.03624301942332128,-2.668715790400255,0.9999948412478228,2.189445257227582e-06,5.340626180157605e-06,0,0,RSVA_M2-1_fubar
6,0.9908761264919345,0.07043253864830906,-0.9204435878436255,0.989833962061329,0.006396504238367227,0.01570314784950563,0,0,RSVA_M2-1_fubar
7,1.988805448055533,0.09166404677966732,-1.897141401275866,0.9888606265440424,0.007689682436888756,0.01890244732684856,0,0,RSVA_M2-1_fubar
8,2.840590758975314,0.3509583783060445,-2.48963238066927,0.9999772410022301,3.964003220361947e-06,9.669251548998564e-06,0,0,RSVA_M2-1_fubar
9,2.541350348544009,0.06734598790122336,-2.474004360642785,0.99859909855016,0.0008795117301409077,0.002147241586589167,0,0,RSVA_M2-1_fubar
10,0.6473428595225216,0.1089424805053771,-0.5384003790171444,0.9023454390942282,0.06524804787252428,0.1702661360564935,0,0,RSVA_M2-1_fubar
11,0.6471291964579733,0.09433067051589702,-0.5527985259420762,0.9163911985868937,0.05330051086131386,0.1373334617219353,0,0,RSVA_M2-1_fubar
12,1.229480033615669,0.4506291170082745,-0.778850916607394,0.8796913958596255,0.08345308872230084,0.2220981062616683,0,0,RSVA_M2-1_fubar
13,1.005332293802287,0.07134345751402861,-0.933988836288258,0.9897972106826456,0.006450202089703282,0.01583582963176118,0,0,RSVA_M2-1_fubar
14,1.131444061311879,0.09852302038714941,-1.032921040924729,0.985444425661587,0.009573925500000524,0.02357898558213815,0,0,RSVA_M2-1_fubar
15,0.331436777586218,0.1801034268415768,-0.1513333507446412,0.5688722490915495,0.3150468714884425,1.121944712516721,0,0,RSVA_M2-1_fubar
16,0.3103275739591567,0.1096370476773562,-0.2006905262818005,0.6260572646395998,0.230506206626821,0.7306924854576878,0,0,RSVA_M2-1_fubar
17,6.722161171899097,3.149742947644291,-3.572418224254805,0.8542828604948353,0.0304223954633497,0.07653638938269025,0,0,RSVA_M2-1_fubar
18,7.152671624584455,0.9463826471862763,-6.206288977398179,0.9999976900781608,3.106247991390133e-11,7.57692980413549e-11,0,0,RSVA_M2-1_fubar
19,3.56466444396027,0.06604005048165486,-3.498624393478615,0.9999999496093512,7.062081479776171e-09,1.722621508903566e-08,0,0,RSVA_M2-1_fubar
20,0.8918613748304194,0.08616927863089391,-0.8056920961995255,0.9688965378313622,0.02040803503079074,0.05081747888630282,0,0,RSVA_M2-1_fubar
21,0.9023342323808987,0.07087241240049123,-0.8314618199804075,0.9776119379336259,0.01389789101573575,0.03437828064523389,0,0,RSVA_M2-1_fubar
22,0.6739153467541601,0.1051310596731063,-0.5687842870810538,0.9112168133807678,0.05901868105582422,0.1529909130969161,0,0,RSVA_M2-1_fubar
23,1.046200961604316,0.07429701987411162,-0.9719039417302046,0.9863583318727338,0.008788058608152263,0.02162636644987723,0,0,RSVA_M2-1_fubar
24,0.3291586628827065,0.1774368116174216,-0.1517218512652849,0.5695732918908046,0.3130844316105381,1.111770769851574,0,0,RSVA_M2-1_fubar
25,0.3317975115118709,0.1642681426678826,-0.1675293688439883,0.5847204942216947,0.2953334328166202,1.022318182519141,0,0,RSVA_M2-1_fubar
26,0.3467197843158615,0.1033130062568787,-0.2434067780589828,0.6618795864472623,0.2051578964228332,0.62959969919931,0,0,RSVA_M2-1_fubar
27,1.996503609165275,0.06866233896303578,-1.927841270202239,0.99383375915418,0.004052442643110304,0.00992516063592397,0,0,RSVA_M2-1_fubar
28,2.99570404830814,0.1518483361100399,-2.8438557121981,0.8935517843428172,0.08078141399164286,0.2143629832226187,0,0,RSVA_M2-1_fubar
29,2.089309302897841,0.4304790204524174,-1.658830282445423,0.9485791683227859,0.03506418209002864,0.08863850530164623,0,0,RSVA_M2-1_fubar
30,2.765251994159406,0.303581895025534,-2.461670099133872,0.9998222429885689,5.784668108783085e-05,0.0001411109476407226,0,0,RSVA_M2-1_fubar
31,0.3410335898612642,0.1239874560623844,-0.2170461337988798,0.6342078877367003,0.237443292466945,0.7595299411529685,0,0,RSVA_M2-1_fubar
32,5.678140055167619,0.0763082677764586,-5.60183178739116,0.9999999460548553,1.849881091152294e-08,4.512331105359513e-08,0,0,RSVA_M2-1_fubar
33,1.040568290731458,0.05479119935505922,-0.9857770913763984,0.9925890930254604,0.004391344438717756,0.01075885309646521,0,0,RSVA_M2-1_fubar
34,0.9052735254508663,0.4050358192751639,-0.5002377061757024,0.7535903366090606,0.1941340062063647,0.5876191298393659,0,0,RSVA_M2-1_fubar
35,1.894135015702626,0.06534273944676365,-1.828792276255862,0.9936464307855666,0.004131601323752976,0.0101198388096363,0,0,RSVA_M2-1_fubar
36,0.7240392300063976,0.2138305650019996,-0.510208665004398,0.7285820831498203,0.2151385134402757,0.668624495670274,0,0,RSVA_M2-1_fubar
37,2.009152460404087,0.07588446111905026,-1.933267999285037,0.9982322390067904,0.0009300642271377756,0.002270775441936435,0,0,RSVA_M2-1_fubar
38,1.387046301619878,0.05049049305870645,-1.336555808561171,0.997086915623739,0.001733543792422685,0.004235897841391058,0,0,RSVA_M2-1_fubar
39,3.734762290643833,0.344409522294606,-3.390352768349227,0.774273999041104,0.188156161710962,0.5653313697955905,0,0,RSVA_M2-1_fubar
40,1.409107118819921,0.08794930960454923,-1.321157809215372,0.98943844333043,0.006930111551852787,0.01702227295977089,0,0,RSVA_M2-1_fubar
41,1.10903662551954,0.09750855221389393,-1.011528073305646,0.9854034242444578,0.009607329858362518,0.02366205301514491,0,0,RSVA_M2-1_fubar
42,4.96411599911853,0.3335825598695001,-4.63053343924903,0.9998392809919084,7.739275201865592e-05,0.0001887952402967406,0,0,RSVA_M2-1_fubar
43,2.81280888203888,0.05429617752750925,-2.758512704511371,0.9987553216561266,0.0007580601373296853,0.001850504495681935,0,0,RSVA_M2-1_fubar
44,1.032533124122866,0.05506218279938412,-0.9774709413234818,0.9924188332394877,0.004492428888685893,0.01100762897003177,0,0,RSVA_M2-1_fubar
45,2.496469257029987,0.08446942864440798,-2.411999828385579,0.9989882490266818,0.0005564705809256078,0.0013581292015349,0,0,RSVA_M2-1_fubar
46,0.7091190790805593,0.2687961543319606,-0.4403229247485986,0.8621721199721089,0.09722554898641668,0.2626989172478392,0,0,RSVA_M2-1_fubar
47,3.618300402183946,0.3443830031557752,-3.27391739902817,0.7730579811429034,0.1891866627237399,0.569150040229831,0,0,RSVA_M2-1_fubar
48,2.753724936156822,0.06119308319223778,-2.692531852964585,0.9999735725379171,1.072495706183993e-05,2.616118177817853e-05,0,0,RSVA_M2-1_fubar
49,0.9507328441051307,1.291368351682872,0.3406355075777409,0.2405001543784808,0.6692068432439381,4.934702727080519,0,0,RSVA_M2-1_fubar
50,1.328692952997076,0.05796503804299966,-1.270727914954076,0.9972099702559456,0.001647431700579906,0.004025136545551832,0,0,RSVA_M2-1_fubar
51,1.166357824861743,0.07265644155302428,-1.093701383308719,0.9115946531706114,0.05426879771368251,0.1399715013360982,0,0,RSVA_M2-1_fubar
52,1.3755733549166,0.06883896420922674,-1.306734390707373,0.9937301369317173,0.00397036967387728,0.009723347906944924,0,0,RSVA_M2-1_fubar
53,2.390442774328273,0.2502289998505662,-2.140213774477707,0.9968074238555761,0.001692207120033638,0.004134720861430651,0,0,RSVA_M2-1_fubar
54,2.848927241298359,0.08021266142652841,-2.768714579871831,0.9999984059983503,5.619306322274365e-08,1.370691975046328e-07,0,0,RSVA_M2-1_fubar
55,2.808783014538207,0.04767325620554302,-2.761109758332664,0.9999398020047883,3.217665826532145e-05,7.848958827722671e-05,0,0,RSVA_M2-1_fubar
56,1.405840098143741,0.08230039652403337,-1.323539701619707,0.9729762128067059,0.01830208383966254,0.04547574367075047,0,0,RSVA_M2-1_fubar
57,1.978452906569538,0.05566409339805369,-1.922788813171484,0.9916055193800649,0.005224385247597104,0.01281053307923049,0,0,RSVA_M2-1_fubar
58,1.09840935213224,0.07301015109017081,-1.02539920104207,0.9876101018738646,0.007981914793902312,0.0196265803322582,0,0,RSVA_M2-1_fubar
59,2.183558743175291,0.05032955662302907,-2.133229186552262,0.9986383867095406,0.0008215179682809024,0.002005539096534537,0,0,RSVA_M2-1_fubar
60,0.8861566408595363,0.2468824246655485,-0.6392742161939877,0.9398745520365587,0.03966259684557587,0.1007428980587329,0,0,RSVA_M2-1_fubar
61,1.679942841995736,0.04439768642570997,-1.635545155570026,0.9962391906422194,0.002189033102402345,0.005351323360559942,0,0,RSVA_M2-1_fubar
62,2.497929283801056,0.06400135391450765,-2.433927929886549,0.9995822747047478,0.0002271929342174711,0.0005543073520633565,0,0,RSVA_M2-1_fubar
63,1.311954870466582,0.06428121243608252,-1.2476736580305,0.9962479667943037,0.002251293833604375,0.005503869741623899,0,0,RSVA_M2-1_fubar
64,1.892724919273099,0.06539282595660845,-1.82733209331649,0.9936250201568919,0.004146199393585992,0.01015574381854753,0,0,RSVA_M2-1_fubar
65,2.101717100308214,0.04990557640728346,-2.051811523900931,0.998443225187071,0.0009389836747900352,0.002292572967528385,0,0,RSVA_M2-1_fubar
66,1.402051848334301,0.08240120847120813,-1.319650639863093,0.9728357308422718,0.01839884664325917,0.04572067968839413,0,0,RSVA_M2-1_fubar
67,2.494321123251532,0.06400467489883728,-2.430316448352695,0.999576034826928,0.0002307195195223022,0.0005629135320323131,0,0,RSVA_M2-1_fubar
68,0.7345399931868928,0.3857608979545663,-0.3487790952323265,0.7640968587044945,0.1830149178422553,0.5464236691512833,0,0,RSVA_M2-1_fubar
69,2.825134571056124,0.04021567128873323,-2.784918899767391,0.999999988540428,1.428887290215715e-09,3.48541994751498e-09,0,0,RSVA_M2-1_fubar
70,2.881090093319314,0.04303638300771923,-2.838053710311594,0.9999999972589203,1.863562357377013e-10,4.545703114756304e-10,0,0,RSVA_M2-1_fubar
71,1.027586342954069,0.06449050767806233,-0.9630958352760067,0.9894592800522088,0.006536552490636107,0.01604922253141591,0,0,RSVA_M2-1_fubar
72,2.044143270328441,0.5999893376796593,-1.444153932648782,0.8794181015317241,0.08512319496365053,0.226956401712619,0,0,RSVA_M2-1_fubar
73,2.393961182278725,0.2402922875547953,-2.15366889472393,0.9974012338959704,0.001371102601509881,0.003349060278158959,0,0,RSVA_M2-1_fubar
74,2.849559129821698,0.0517387214817911,-2.797820408339907,0.9999297743947475,3.779616780246781e-05,9.219796214726312e-05,0,0,RSVA_M2-1_fubar
75,2.091570744004847,0.04416778715282624,-2.04740295685202,0.9994726803395543,0.0002955897998743016,0.0007212319775940044,0,0,RSVA_M2-1_fubar
76,2.780370467389343,0.07742771649539035,-2.702942750893953,0.9999769179684236,6.318895047488537e-06,1.541349141555953e-05,0,0,RSVA_M2-1_fubar
77,2.780492105132621,0.0656013319710356,-2.714890773161585,0.9999641017408274,1.54887706893845e-05,3.778164085300595e-05,0,0,RSVA_M2-1_fubar
78,1.378568760841196,0.06240780961004164,-1.316160951231155,0.9950456456904518,0.003082517478594918,0.007542294294615435,0,0,RSVA_M2-1_fubar
79,0.8365991124303345,0.1204771063263524,-0.716122006103982,0.9433656278306807,0.03998812514117601,0.1016041801831853,0,0,RSVA_M2-1_fubar
80,0.8326845159823468,0.420860393018778,-0.4118241229635688,0.5994070685274812,0.3464792649341111,1.293227753676786,0,0,RSVA_M2-1_fubar
81,2.126044170054429,0.2596270046210966,-1.866417165433332,0.9830963278339526,0.01102211194740498,0.02718537791059041,0,0,RSVA_M2-1_fubar
82,2.944155904121047,0.04870160128840698,-2.89545430283264,0.9999815599867355,9.176532077584166e-06,2.238410379254699e-05,0,0,RSVA_M2-1_fubar
83,0.7471159321481294,0.5484810223851577,-0.1986349097629717,0.47440952622824,0.4685824007736315,2.150835413883967,0,0,RSVA_M2-1_fubar
84,1.777495561416186,0.08175018415627955,-1.695745377259906,0.9950032574001739,0.003098746699989116,0.007582127336159374,0,0,RSVA_M2-1_fubar
85,1.079399010173558,0.1073940907898569,-0.9720049193837016,0.9735163510360773,0.01834538158044128,0.04558533742167944,0,0,RSVA_M2-1_fubar
86,0.8919589006409894,0.2858376115395614,-0.606121289101428,0.7219930110890339,0.227145529673464,0.716908301457967,0,0,RSVA_M2-1_fubar
87,1.101381475834474,0.2757062839737676,-0.8256751918607061,0.953876293422434,0.03029472941069237,0.07620517419920571,0,0,RSVA_M2-1_fubar
88,1.379683128194174,0.1107590591012062,-1.268924069092968,0.9575810107357086,0.03056559365044,0.07690800474018918,0,0,RSVA_M2-1_fubar
89,1.339131425199062,0.1634800449537823,-1.17565138024528,0.9253760253894503,0.05707387239421743,0.1476443419889062,0,0,RSVA_M2-1_fubar
90,2.1768596742438,0.04683585337911873,-2.130023820864681,0.9988547512689355,0.0006796170821870783,0.001658886523934323,0,0,RSVA_M2-1_fubar
91,0.9677107309326785,0.248472738177151,-0.7192379927555275,0.8847183437196212,0.08132043855155165,0.2159199625304369,0,0,RSVA_M2-1_fubar
92,1.104583616155044,0.06678522132682045,-1.037798394828223,0.9897300681240536,0.006481787014824806,0.01591387938204436,0,0,RSVA_M2-1_fubar
93,0.6421121763998617,0.08689144062711981,-0.5552207357727419,0.9226418601764146,0.0478428271172722,0.1225646784164708,0,0,RSVA_M2-1_fubar
94,2.806208556235843,0.0400031286352141,-2.766205427600628,0.9999998234972188,4.141035232041277e-08,1.010103979300034e-07,0,0,RSVA_M2-1_fubar
95,2.611797133951438,0.04988920876550126,-2.561907925185936,0.9570779606656156,0.0232739393784536,0.05812383506829028,0,0,RSVA_M2-1_fubar
96,0.8595318564565098,0.08899873347708244,-0.7705331229794273,0.9738842077214196,0.0171193829606821,0.04248586600967851,0,0,RSVA_M2-1_fubar
97,1.136430463484291,0.3959296650797395,-0.7405007984045511,0.7938789595996186,0.1629281850431428,0.4747780573822624,0,0,RSVA_M2-1_fubar
98,1.081549447219619,0.04874426828546064,-1.032805178934159,0.9970947658695303,0.001677182018580148,0.004097947012061258,0,0,RSVA_M2-1_fubar
99,2.490965627376898,0.2275148238968407,-2.263450803480057,0.9988132001302102,0.0005834018434308874,0.001423896353182001,0,0,RSVA_M2-1_fubar
100,0.7849284026901218,1.839741340990492,1.054812938300371,0.06321452204242844,0.8591131593362671,14.87431859650063,0,0,RSVA_M2-1_fubar
101,2.513071795919621,0.0654745379885875,-2.447597257931034,0.9986229889325509,0.0008620465276724873,0.002104565219530636,0,0,RSVA_M2-1_fubar
102,2.394814347204021,0.3378214946718989,-2.056992852532122,0.9911781845690064,0.004130575686635545,0.01011731622051836,0,0,RSVA_M2-1_fubar
103,7.072267043357902,0.7945306380068863,-6.277736405351016,0.9999949222732815,2.325834576644563e-11,5.673302766545328e-11,0,0,RSVA_M2-1_fubar
104,2.159639694666676,0.05952066048519417,-2.100119034181482,0.9991009107616978,0.0005057370983479856,0.001234245764040453,0,0,RSVA_M2-1_fubar
105,1.628177711683197,0.05912021430376199,-1.569057497379436,0.9982602553022284,0.000978215543559474,0.002388453218654905,0,0,RSVA_M2-1_fubar
106,1.224365281544796,0.05976197526456308,-1.164603306280233,0.9965913589450335,0.002034054969238989,0.00497169069943955,0,0,RSVA_M2-1_fubar
107,1.98248675131129,0.09174689792882336,-1.890739853382467,0.9887561521752252,0.007763473848293281,0.01908525744885309,0,0,RSVA_M2-1_fubar
108,1.393104926309101,0.11033587185043,-1.282769054458671,0.9582791722481907,0.03005509470295548,0.0755837043895253,0,0,RSVA_M2-1_fubar
109,1.587453063620719,0.5232271655216058,-1.064225898099113,0.9076603009385481,0.05472296355033883,0.1412107109540275,0,0,RSVA_M2-1_fubar
110,7.05817824399238,0.7006642612728501,-6.35751398271953,0.9999976771126237,2.243082305508211e-09,5.471448917934864e-09,0,0,RSVA_M2-1_fubar
111,2.807888826095107,0.4101520622290218,-2.397736763866085,0.999754393114794,4.933762426210543e-05,0.0001203529664865104,0,0,RSVA_M2-1_fubar
112,0.2649835768202631,0.9956356124574852,0.7306520356372221,0.04327893881428093,0.9367486342482034,36.12520328665553,0,0,RSVA_M2-1_fubar
113,2.510047553929922,0.0654541078652376,-2.444593446064685,0.9986156521509622,0.0008667315117965567,0.002116012870654889,0,0,RSVA_M2-1_fubar
114,3.263055799252535,0.07631661156144329,-3.186739187691092,0.9999987892809695,2.815087376872666e-07,6.866716859064426e-07,0,0,RSVA_M2-1_fubar
115,7.040424400426141,2.798812649417704,-4.241611751008437,0.9779575364577994,0.0003370858262000945,0.0008225154215301823,0,0,RSVA_M2-1_fubar
116,1.135145568448481,1.002818954997734,-0.132326613450747,0.5042190405939224,0.3496472108056379,1.311409119796111,0,0,RSVA_M2-1_fubar
117,1.449298707474095,0.3884255540518178,-1.060873153422277,0.89151649983603,0.07921710093226951,0.2098547666868107,0,0,RSVA_M2-1_fubar
118,2.554728735220966,0.4109771827917121,-2.143751552429254,0.9957557134225907,0.001813355646200393,0.004431271632504151,0,0,RSVA_M2-1_fubar
119,6.428702142715503,0.4706649131940576,-5.958037229521445,0.9999660916554401,7.750478813590577e-06,1.890553788012865e-05,0,0,RSVA_M2-1_fubar
120,6.839637229077553,2.049329743909974,-4.790307485167579,0.9820457107924898,0.000798104223683138,0.001948334399060308,0,0,RSVA_M2-1_fubar
121,1.027812461443733,0.4703606343972632,-0.5574518270464701,0.7240312221953601,0.2222600030861839,0.6970822439185241,0,0,RSVA_M2-1_fubar
122,2.746857978173809,0.04544637178881438,-2.701411606384994,0.9999887003224527,5.021460778575909e-06,1.224868297429219e-05,0,0,RSVA_M2-1_fubar
123,1.112635999444598,0.08864954092800248,-1.023986458516596,0.9881761269580425,0.007683004427863621,0.01888590463410005,0,0,RSVA_M2-1_fubar
124,2.859351898978323,0.08063437228218984,-2.778717526696133,0.99999112911783,2.160422335821546e-06,5.269831576711146e-06,0,0,RSVA_M2-1_fubar
125,1.238238731988087,0.05540751090603172,-1.182831221082055,0.9957068562263149,0.00259986068779237,0.006358252799058503,0,0,RSVA_M2-1_fubar
126,1.230302575139533,0.04689745285749763,-1.183405122282035,0.9982739905146779,0.000984765397034758,0.002404461387398498,0,0,RSVA_M2-1_fubar
127,0.7203550957837482,1.388897475350705,0.6685423795669566,0.1071728737374671,0.8362074610368542,12.45308813394324,0,0,RSVA_M2-1_fubar
128,1.681153280564472,0.05180575929299981,-1.629347521271472,0.9948647364871446,0.003135045630379291,0.00767122421617929,0,0,RSVA_M2-1_fubar
129,1.367181816852644,0.08416373852249438,-1.28301807833015,0.9900219894245886,0.006517692826932857,0.01600261253678573,0,0,RSVA_M2-1_fubar
130,1.240898663500389,0.06439767369174458,-1.176500989808644,0.9938750317811006,0.003831046218578098,0.009380835652431366,0,0,RSVA_M2-1_fubar
131,3.447021602785552,0.07775232309954104,-3.36926927968601,0.9999267863148368,3.934035175873076e-05,9.596491058030059e-05,0,0,RSVA_M2-1_fubar
132,0.8581206382080134,0.08914451223945243,-0.768976125968561,0.9737279230902689,0.01722406486565583,0.04275021245304116,0,0,RSVA_M2-1_fubar
133,0.4942159932891826,0.1694875644700553,-0.3247284288191273,0.7883277637682076,0.1557894812940415,0.4501367912168881,0,0,RSVA_M2-1_fubar
134,3.09538227548859,0.06623336377399952,-3.029148911714591,0.9999990118386513,2.525842236638791e-07,6.161173933882893e-07,0,0,RSVA_M2-1_fubar
135,2.651314612479915,0.3460368167115154,-2.305277795768399,0.9936796311890114,0.003378790899802215,0.008269672851279556,0,0,RSVA_M2-1_fubar
136,1.108532486978212,0.09753912857297066,-1.010993358405241,0.9853855825824662,0.009619835868713069,0.02369315345786579,0,0,RSVA_M2-1_fubar
137,0.9226125938957097,0.3946752547453311,-0.5279373391503785,0.8398938429573176,0.118650285326589,0.3283807248791294,0,0,RSVA_M2-1_fubar
138,1.98705598858611,0.09168220794787593,-1.895373780638234,0.9888329111375527,0.007709207579490503,0.01895081607912896,0,0,RSVA_M2-1_fubar
139,0.7240392300063976,0.2138305650019996,-0.510208665004398,0.7285820831498203,0.2151385134402757,0.668624495670274,0,0,RSVA_M2-1_fubar
140,1.239604499697753,0.05537962924824173,-1.184224870449511,0.9957183228742624,0.002592743847040456,0.006340802517500094,0,0,RSVA_M2-1_fubar
141,1.070376305872146,0.06824442898183329,-1.002131876890313,0.9931526198215427,0.004267681956380517,0.01045457980539444,0,0,RSVA_M2-1_fubar
142,1.763954402297206,0.05555418504220469,-1.708400217255001,0.9981750816062606,0.001079617414490602,0.002636307984053251,0,0,RSVA_M2-1_fubar
143,2.574598236609521,0.07535889116688338,-2.499239345442637,0.9998005455932998,7.011758801126685e-05,0.0001710466447816453,0,0,RSVA_M2-1_fubar
144,2.684392662785055,0.07597065723906311,-2.608422005545992,0.9998331921198121,7.570709453130772e-05,0.0001846828628810065,0,0,RSVA_M2-1_fubar
145,0.7648282610117031,0.147755961042795,-0.6170722999689081,0.79403672969048,0.1506890657762583,0.4327849636792758,0,0,RSVA_M2-1_fubar
146,1.978275923138,0.07589428909551096,-1.902381634042489,0.9981379332307918,0.0009824838974208001,0.002398885264666696,0,0,RSVA_M2-1_fubar
147,2.553810071065111,0.0367767801311613,-2.51703329093395,0.9998792485560629,6.496383923699439e-05,0.0001584736408852162,0,0,RSVA_M2-1_fubar
148,3.092789139380521,0.2264492354187108,-2.86633990396181,0.9994646088548029,0.0002922120934607169,0.0007129880464898867,0,0,RSVA_M2-1_fubar
149,2.808856694022223,0.06193007914786295,-2.74692661487436,0.9999985373440904,2.860137421586906e-07,6.976605451709724e-07,0,0,RSVA_M2-1_fubar
150,4.589836667780862,0.07285947752040224,-4.51697719026046,0.9999994226684281,2.25444083620367e-07,5.499156494035959e-07,0,0,RSVA_M2-1_fubar
151,2.512037717931336,0.3507305205470243,-2.161307197384311,0.9894864583821159,0.005808312697887715,0.01425072633229989,0,0,RSVA_M2-1_fubar
152,2.665181113473274,0.3576298257950084,-2.307551287678266,0.9757645111020595,0.01632434848558652,0.04048005316697208,0,0,RSVA_M2-1_fubar
153,0.6779098862122828,0.09152130214502785,-0.5863885840672549,0.9452392532943338,0.03469600322241302,0.08767433563470274,0,0,RSVA_M2-1_fubar
154,1.376975694105323,0.1108582523651006,-1.266117441740222,0.9574339878690676,0.03067370611149078,0.07718864144309635,0,0,RSVA_M2-1_fubar
155,1.316263009893446,0.0858802928068861,-1.23038271708656,0.9922693112179064,0.004797860158438497,0.01175962364920881,0,0,RSVA_M2-1_fubar
156,1.675793235554591,0.05514926485467626,-1.620643970699915,0.9941404383110392,0.003639104717690057,0.008909124278385177,0,0,RSVA_M2-1_fubar
157,1.606659387321314,0.07872896387282036,-1.527930423448494,0.9960110510192867,0.002302781841301183,0.00563003601963817,0,0,RSVA_M2-1_fubar
158,1.759696737714871,0.06193952571398804,-1.697757212000883,0.9975207963563412,0.001490558771835495,0.003641279931535537,0,0,RSVA_M2-1_fubar
159,0.5657676589389538,0.479748237806412,-0.08601942113254174,0.5495468072159914,0.3725788516467456,1.44849228047387,0,0,RSVA_M2-1_fubar
160,1.260099062408278,0.4819376368101578,-0.7781614255981206,0.8859278415089064,0.07563015982326224,0.1995751156266043,0,0,RSVA_M2-1_fubar
161,2.712485477158826,0.5012053650711272,-2.211280112087699,0.989422897878757,0.004844587166121591,0.01187470975588082,0,0,RSVA_M2-1_fubar
162,1.37844196318208,0.7870727438698706,-0.5913692193122098,0.7270443237016431,0.1664866941792326,0.4872189049113647,0,0,RSVA_M2-1_fubar
163,0.8929819834978102,0.285834644360145,-0.6071473391376652,0.7221950178014777,0.2269767031099996,0.7162190025143473,0,0,RSVA_M2-1_fubar
164,2.747857324877525,0.5837444887455722,-2.164112836131952,0.9963888938350797,0.00102501568376527,0.002502839705360132,0,0,RSVA_M2-1_fubar
165,0.7940426696860664,0.5979160408197918,-0.1961266288662746,0.6522529751958646,0.2685059258641145,0.8953651803616525,0,0,RSVA_M2-1_fubar
166,2.904173008318661,0.6136981131299506,-2.29047489518871,0.9959234023517335,0.0007298627273465124,0.001781621378091,0,0,RSVA_M2-1_fubar
167,1.601725895313216,0.07887660972415117,-1.522849285589065,0.9959629427261918,0.002333313854670785,0.005704857853858838,0,0,RSVA_M2-1_fubar
168,2.812732062188164,0.7082587616326218,-2.104473300555543,0.9320012286248125,0.04339359886337216,0.1106495178575373,0,0,RSVA_M2-1_fubar
169,2.751646272938565,0.5230700249981293,-2.228576247940436,0.9443745792178613,0.03807531143914709,0.09655161254419839,0,0,RSVA_M2-1_fubar
170,1.903539655207829,0.3106291250237968,-1.592910530184032,0.948147182447309,0.03692674972361665,0.09352740854863359,0,0,RSVA_M2-1_fubar
171,1.371273424367799,0.5162143794741056,-0.8550590448936932,0.8083954024973116,0.1453209811617749,0.4147462014882003,0,0,RSVA_M2-1_fubar
172,1.277033595549399,0.7373229214045426,-0.5397106741448566,0.7122992191156639,0.1965736437010215,0.5968103577163821,0,0,RSVA_M2-1_fubar
173,2.605474090398107,0.3488782715892847,-2.256595818808822,0.9968401450371152,0.001519583040493682,0.003712291106189913,0,0,RSVA_M2-1_fubar
174,0.9942649265063533,1.994375124797463,1.00011019829111,0.1061728405839616,0.776615967059585,8.480302153604965,0,0,RSVA_M2-1_fubar
175,2.101734897768182,0.435491681339626,-1.666243216428556,0.9650796989889389,0.02056119680677052,0.05120686908170227,0,0,RSVA_M2-1_fubar
176,7.125617081489401,2.289558902227816,-4.836058179261585,0.9997017498604484,1.073305206674968e-08,2.618064725985488e-08,0,0,RSVA_M2-1_fubar
177,7.134663335351727,2.250375595376502,-4.884287739975225,0.9999637155226951,4.913484930799229e-12,1.198524088114056e-11,0,0,RSVA_M2-1_fubar
178,4.711703007688268,1.002103306386003,-3.709599701302265,0.9903698505756521,1.939910107924162e-06,4.731943897687758e-06,0,0,RSVA_M2-1_fubar
179,0.2670565468809428,0.7146948776155566,0.4476383307346138,0.09939436640250143,0.8678706370734792,16.02185483484828,0,0,RSVA_M2-1_fubar
180,0.6844389542631703,0.6023575723746056,-0.08208138188856462,0.5422723508248476,0.3724468633103132,1.447674601113247,0,0,RSVA_M2-1_fubar
181,0.2805400070058771,0.4300207926216519,0.1494807856157748,0.2841237327884377,0.6478180758600346,4.486866401986996,0,0,RSVA_M2-1_fubar
182,0.2804416216996266,0.4302589457204135,0.1498173240207869,0.2838617246343921,0.6481126895044275,4.492665217967933,0,0,RSVA_M2-1_fubar
183,0.3382935642697956,0.1374363406444438,-0.2008572236253517,0.6175452369257491,0.257165714657284,0.8444584118900059,0,0,RSVA_M2-1_fubar
184,0.3108105908676335,0.1100811210003487,-0.2007294698672848,0.6259456444852817,0.2309483357512497,0.7325148935078527,0,0,RSVA_M2-1_fubar
185,0.1815336480304168,0.4509627526187383,0.2694291045883215,0.1462557201557673,0.7987303907195451,9.680084404978206,0,0,RSVA_M2-1_fubar
